<?xml version="1.0" encoding="utf-8"?>
<!DOCTYPE Map[]>
<Map srs="+proj=merc +a=6378137 +b=6378137 +lat_ts=0.0 +lon_0=0.0 +x_0=0.0 +y_0=0.0 +k=1.0 +units=m +nadgrids=@null +wktext +no_defs +over" font-directory="./fonts">
<Style name="raster-style">
  <Rule>
      <RasterSymbolizer/>
  </Rule>
</Style>

<Layer name="raster-layer" status="on" srs="+proj=cea +lon_0=-117.333333333333 +lat_ts=33.75 +x_0=0 +y_0=0 +datum=NAD27 +units=m +no_defs">
<StyleName>raster-style</StyleName>
<Datasource>
    <Parameter name="type">gdal</Parameter>
    <Parameter name="file">cea.tif</Parameter>
    <Parameter name="format">tiff</Parameter>
</Datasource>
</Layer>
</Map>
