<?xml version="1.0"?>
<Map bgcolor="transparent" srs="+proj=merc +a=6378137 +b=6378137 +lat_ts=0.0 +lon_0=0.0 +x_0=0.0 +y_0=0 +k=1.0 +units=m +nadgrids=@null +wktext +no_defs +over">
    <Style name="streets">
        <Rule>
            <LineSymbolizer>
                <CssParameter name="stroke">#ffffe9</CssParameter>
                <CssParameter name="stroke-width">6</CssParameter>
                <CssParameter name="stroke-linejoin">round</CssParameter>
                <CssParameter name="stroke-linecap">round</CssParameter>
            </LineSymbolizer>
        </Rule>
    </Style>
    <Style name="names">
        <Rule>
            <TextSymbolizer name="name" face_name="DejaVu Sans Book" size="14" fill="black" placement="line"/>
        </Rule>
    </Style>
    <Layer name="streets" srs="+proj=merc +a=6378137 +b=6378137 +lat_ts=0.0 +lon_0=0.0 +x_0=0.0 +y_0=0 +k=1.0 +units=m +nadgrids=@null +wktext +no_defs +over">
        <StyleName>streets</StyleName>
        <StyleName>names</StyleName>
        <Datasource>
            <Parameter name="type">postgis</Parameter>
            <Parameter name="user">osm</Parameter>
            <Parameter name="host">localhost</Parameter>
            <Parameter name="dbname">planet_osm</Parameter>
            <Parameter name="table">(SELECT * FROM planet_osm_line WHERE highway IN ('motorway', 'motorway_link', 'trunk', 'trunk_link', 'primary', 'primary_link', 'secondary', 'secondary_link', 'tertiary', 'residential', 'unclassified', 'service')) AS streets</Parameter>
            <Parameter name="estimate_extent">false</Parameter>
            <Parameter name="extent">-20037507.58,-20037507.58,20037507.58,20037507.58</Parameter>
        </Datasource>
    </Layer>
</Map>
