<?xml version="1.0" encoding="utf-8"?>
<!DOCTYPE Map[]>
<Map background-color="#111111" srs="+proj=merc +a=6378137 +b=6378137 +lat_ts=0.0 +lon_0=0.0 +x_0=0.0 +y_0=0.0 +k=1.0 +units=m +nadgrids=@null +wktext +no_defs +over">
  <Parameters>
    <Parameter name="bounds">-180,-85.0511,180,85.0511</Parameter>
    <Parameter name="center">15.293,50.8476,4</Parameter>
    <Parameter name="format"><![CDATA[png8:m=h:c=64]]></Parameter>
    <Parameter name="minzoom">0</Parameter>
    <Parameter name="maxzoom">22</Parameter>
    <Parameter name="scale">1</Parameter>
    <Parameter name="metatile">2</Parameter>
    <Parameter name="id"><![CDATA[darkMapnik]]></Parameter>
    <Parameter name="_updated">1584863187000</Parameter>
    <Parameter name="attribution">
<![CDATA[<a href='https://www.mapbox.com/about/maps/' target='_blank'>&copy; Mapbox</a> <a href='https://openstreetmap.org/about/' target='_blank'>&copy; OpenStreetMap</a> <a class='mapbox-improve-map' href='https://www.mapbox.com/map-feedback/' target='_blank'>Improve this map</a>]]>    </Parameter>
    <Parameter name="description"><![CDATA[A monotone basemap that's easy to recolor.]]></Parameter>
    <Parameter name="name"><![CDATA[Mapbox Dark]]></Parameter>
    <Parameter name="tilejson"><![CDATA[2.0.0]]></Parameter>
    <Parameter name="scheme"><![CDATA[xyz]]></Parameter>
  </Parameters>
  <FontSet name="fontset-0">
    <Font face-name="Open Sans Bold" />
    <Font face-name="Arial Unicode MS Bold" />
  </FontSet>
  <FontSet name="fontset-1">
    <Font face-name="Open Sans Regular" />
    <Font face-name="Arial Unicode MS Regular" />
  </FontSet>
  <FontSet name="fontset-2">
    <Font face-name="Open Sans Semibold" />
    <Font face-name="Arial Unicode MS Regular" />
  </FontSet>
  <FontSet name="fontset-3">
    <Font face-name="Open Sans Italic" />
    <Font face-name="Arial Unicode MS Regular" />
  </FontSet>
  <FontSet name="fontset-4">
    <Font face-name="Open Sans Bold Italic" />
    <Font face-name="Arial Unicode MS Bold" />
  </FontSet>
  <Style comp-op="soft-light" filter-mode="first" image-filters="agg-stack-blur(10,10)" image-filters-inflate="true" name="water-fill">
    <Rule>
      <PolygonSymbolizer fill="#111111" />
    </Rule>
  </Style>
  <Style filter-mode="first" name="water-shadow">
    <Rule>
      <PolygonSymbolizer fill="#4d4d4d" />
    </Rule>
  </Style>
  <Layer buffer-size="4" name="water" srs="+proj=merc +a=6378137 +b=6378137 +lat_ts=0.0 +lon_0=0.0 +x_0=0.0 +y_0=0.0 +k=1.0 +units=m +nadgrids=@null +wktext +no_defs +over">
    <StyleName><![CDATA[water-shadow]]></StyleName>
    <StyleName><![CDATA[water-fill]]></StyleName>
    <Datasource>
      <Parameter name="geometry_field"><![CDATA[geometry]]></Parameter>
      <Parameter name="dbname"><![CDATA[gis]]></Parameter>
      <Parameter name="port">5432</Parameter>
      <Parameter name="host"><![CDATA[/var/run/postgresql]]></Parameter>
      <Parameter name="key_field_as_attribute"><![CDATA[]]></Parameter>
      <Parameter name="user"><![CDATA[minsig]]></Parameter>
      <Parameter name="extent">-20037508.34,-20037508.34,20037508.34,20037508.34</Parameter>
      <Parameter name="srid">900913</Parameter>
      <Parameter name="table"><![CDATA[(SELECT geometry, class, intermittent, brunnel FROM layer_water(!bbox!, z(!scale_denominator!))) AS t]]></Parameter>
      <Parameter name="type"><![CDATA[postgis]]></Parameter>
      <Parameter name="key_field"><![CDATA[]]></Parameter>
      <Parameter name="max_size">512</Parameter>
    </Datasource>
  </Layer>
  <Style filter-mode="first" name="waterway">
    <Rule>
      <MaxScaleDenominator>12500</MaxScaleDenominator>
      <Filter><![CDATA[([class] = 'river') and ([name] != null)]]></Filter>
      <LineSymbolizer stroke="#2e2e2e" stroke-width="3" />
      <TextSymbolizer avoid-edges="true" fill="#888888" fontset-name="fontset-0" halo-fill="#2e2e2e" halo-radius="1" minimum-distance="60" placement="line" size="10" wrap-before="true"><![CDATA[[name]]]></TextSymbolizer>
    </Rule>
    <Rule>
      <MaxScaleDenominator>50000</MaxScaleDenominator>
      <MinScaleDenominator>12500</MinScaleDenominator>
      <Filter><![CDATA[([class] = 'river') and ([name] != null)]]></Filter>
      <LineSymbolizer stroke="#2e2e2e" stroke-width="2" />
      <TextSymbolizer avoid-edges="true" fill="#888888" fontset-name="fontset-0" halo-fill="#2e2e2e" halo-radius="1" minimum-distance="60" placement="line" size="10" wrap-before="true"><![CDATA[[name]]]></TextSymbolizer>
    </Rule>
    <Rule>
      <MaxScaleDenominator>100000</MaxScaleDenominator>
      <MinScaleDenominator>50000</MinScaleDenominator>
      <Filter><![CDATA[([class] = 'river') and ([name] != null)]]></Filter>
      <LineSymbolizer stroke="#2e2e2e" stroke-width="1" />
      <TextSymbolizer avoid-edges="true" fill="#888888" fontset-name="fontset-0" halo-fill="#2e2e2e" halo-radius="1" minimum-distance="60" placement="line" size="10" wrap-before="true"><![CDATA[[name]]]></TextSymbolizer>
    </Rule>
    <Rule>
      <MaxScaleDenominator>200000</MaxScaleDenominator>
      <MinScaleDenominator>100000</MinScaleDenominator>
      <Filter><![CDATA[([class] = 'river') and ([name] != null)]]></Filter>
      <LineSymbolizer stroke="#2e2e2e" stroke-width="1" />
    </Rule>
    <Rule>
      <MinScaleDenominator>200000</MinScaleDenominator>
      <Filter><![CDATA[([class] = 'river') and ([name] != null)]]></Filter>
      <LineSymbolizer stroke="#2e2e2e" stroke-width="0.5" />
    </Rule>
    <Rule>
      <MaxScaleDenominator>12500</MaxScaleDenominator>
      <Filter><![CDATA[([class] = 'canal') and ([name] != null)]]></Filter>
      <LineSymbolizer stroke="#2e2e2e" stroke-width="3" />
      <TextSymbolizer avoid-edges="true" fill="#888888" fontset-name="fontset-0" halo-fill="#2e2e2e" halo-radius="1" minimum-distance="60" placement="line" size="10" wrap-before="true"><![CDATA[[name]]]></TextSymbolizer>
    </Rule>
    <Rule>
      <MaxScaleDenominator>50000</MaxScaleDenominator>
      <MinScaleDenominator>12500</MinScaleDenominator>
      <Filter><![CDATA[([class] = 'canal') and ([name] != null)]]></Filter>
      <LineSymbolizer stroke="#2e2e2e" stroke-width="2" />
      <TextSymbolizer avoid-edges="true" fill="#888888" fontset-name="fontset-0" halo-fill="#2e2e2e" halo-radius="1" minimum-distance="60" placement="line" size="10" wrap-before="true"><![CDATA[[name]]]></TextSymbolizer>
    </Rule>
    <Rule>
      <MaxScaleDenominator>200000</MaxScaleDenominator>
      <MinScaleDenominator>50000</MinScaleDenominator>
      <Filter><![CDATA[([class] = 'canal') and ([name] != null)]]></Filter>
      <LineSymbolizer stroke="#2e2e2e" stroke-width="1" />
    </Rule>
    <Rule>
      <MinScaleDenominator>200000</MinScaleDenominator>
      <Filter><![CDATA[([class] = 'canal') and ([name] != null)]]></Filter>
      <LineSymbolizer stroke="#2e2e2e" stroke-width="0.5" />
    </Rule>
    <Rule>
      <MaxScaleDenominator>2500</MaxScaleDenominator>
      <Filter><![CDATA[([class] = 'stream') and ([name] != null)]]></Filter>
      <LineSymbolizer stroke="#2e2e2e" stroke-width="3" />
      <TextSymbolizer avoid-edges="true" fill="#888888" fontset-name="fontset-0" halo-fill="#2e2e2e" halo-radius="1" minimum-distance="60" placement="line" size="10" wrap-before="true"><![CDATA[[name]]]></TextSymbolizer>
    </Rule>
    <Rule>
      <MaxScaleDenominator>12500</MaxScaleDenominator>
      <MinScaleDenominator>2500</MinScaleDenominator>
      <Filter><![CDATA[([class] = 'stream') and ([name] != null)]]></Filter>
      <LineSymbolizer stroke="#2e2e2e" stroke-width="2" />
      <TextSymbolizer avoid-edges="true" fill="#888888" fontset-name="fontset-0" halo-fill="#2e2e2e" halo-radius="1" minimum-distance="60" placement="line" size="10" wrap-before="true"><![CDATA[[name]]]></TextSymbolizer>
    </Rule>
    <Rule>
      <MaxScaleDenominator>25000</MaxScaleDenominator>
      <MinScaleDenominator>12500</MinScaleDenominator>
      <Filter><![CDATA[([class] = 'stream') and ([name] != null)]]></Filter>
      <LineSymbolizer stroke="#2e2e2e" stroke-width="1" />
      <TextSymbolizer avoid-edges="true" fill="#888888" fontset-name="fontset-0" halo-fill="#2e2e2e" halo-radius="1" minimum-distance="60" placement="line" size="10" wrap-before="true"><![CDATA[[name]]]></TextSymbolizer>
    </Rule>
    <Rule>
      <MaxScaleDenominator>50000</MaxScaleDenominator>
      <MinScaleDenominator>25000</MinScaleDenominator>
      <Filter><![CDATA[([class] = 'stream') and ([name] != null)]]></Filter>
      <LineSymbolizer stroke="#2e2e2e" stroke-width="1" />
    </Rule>
    <Rule>
      <MinScaleDenominator>50000</MinScaleDenominator>
      <Filter><![CDATA[([class] = 'stream') and ([name] != null)]]></Filter>
      <LineSymbolizer stroke="#2e2e2e" stroke-width="0.5" />
    </Rule>
    <Rule>
      <MaxScaleDenominator>2500</MaxScaleDenominator>
      <Filter><![CDATA[([class] = 'stream')]]></Filter>
      <LineSymbolizer stroke="#2e2e2e" stroke-width="3" />
    </Rule>
    <Rule>
      <MaxScaleDenominator>12500</MaxScaleDenominator>
      <MinScaleDenominator>2500</MinScaleDenominator>
      <Filter><![CDATA[([class] = 'stream')]]></Filter>
      <LineSymbolizer stroke="#2e2e2e" stroke-width="2" />
    </Rule>
    <Rule>
      <MaxScaleDenominator>50000</MaxScaleDenominator>
      <MinScaleDenominator>12500</MinScaleDenominator>
      <Filter><![CDATA[([class] = 'stream')]]></Filter>
      <LineSymbolizer stroke="#2e2e2e" stroke-width="1" />
    </Rule>
    <Rule>
      <MinScaleDenominator>50000</MinScaleDenominator>
      <Filter><![CDATA[([class] = 'stream')]]></Filter>
      <LineSymbolizer stroke="#2e2e2e" stroke-width="0.5" />
    </Rule>
    <Rule>
      <MaxScaleDenominator>12500</MaxScaleDenominator>
      <Filter><![CDATA[([class] = 'river')]]></Filter>
      <LineSymbolizer stroke="#2e2e2e" stroke-width="3" />
    </Rule>
    <Rule>
      <MaxScaleDenominator>50000</MaxScaleDenominator>
      <MinScaleDenominator>12500</MinScaleDenominator>
      <Filter><![CDATA[([class] = 'river')]]></Filter>
      <LineSymbolizer stroke="#2e2e2e" stroke-width="2" />
    </Rule>
    <Rule>
      <MaxScaleDenominator>200000</MaxScaleDenominator>
      <MinScaleDenominator>50000</MinScaleDenominator>
      <Filter><![CDATA[([class] = 'river')]]></Filter>
      <LineSymbolizer stroke="#2e2e2e" stroke-width="1" />
    </Rule>
    <Rule>
      <MinScaleDenominator>200000</MinScaleDenominator>
      <Filter><![CDATA[([class] = 'river')]]></Filter>
      <LineSymbolizer stroke="#2e2e2e" stroke-width="0.5" />
    </Rule>
    <Rule>
      <MaxScaleDenominator>12500</MaxScaleDenominator>
      <Filter><![CDATA[([class] = 'canal')]]></Filter>
      <LineSymbolizer stroke="#2e2e2e" stroke-width="3" />
    </Rule>
    <Rule>
      <MaxScaleDenominator>50000</MaxScaleDenominator>
      <MinScaleDenominator>12500</MinScaleDenominator>
      <Filter><![CDATA[([class] = 'canal')]]></Filter>
      <LineSymbolizer stroke="#2e2e2e" stroke-width="2" />
    </Rule>
    <Rule>
      <MaxScaleDenominator>200000</MaxScaleDenominator>
      <MinScaleDenominator>50000</MinScaleDenominator>
      <Filter><![CDATA[([class] = 'canal')]]></Filter>
      <LineSymbolizer stroke="#2e2e2e" stroke-width="1" />
    </Rule>
    <Rule>
      <MinScaleDenominator>200000</MinScaleDenominator>
      <Filter><![CDATA[([class] = 'canal')]]></Filter>
      <LineSymbolizer stroke="#2e2e2e" stroke-width="0.5" />
    </Rule>
  </Style>
  <Layer buffer-size="4" name="waterway" srs="+proj=merc +a=6378137 +b=6378137 +lat_ts=0.0 +lon_0=0.0 +x_0=0.0 +y_0=0.0 +k=1.0 +units=m +nadgrids=@null +wktext +no_defs +over">
    <StyleName><![CDATA[waterway]]></StyleName>
    <Datasource>
      <Parameter name="geometry_field"><![CDATA[geometry]]></Parameter>
      <Parameter name="dbname"><![CDATA[gis]]></Parameter>
      <Parameter name="port">5432</Parameter>
      <Parameter name="host"><![CDATA[/var/run/postgresql]]></Parameter>
      <Parameter name="key_field_as_attribute"><![CDATA[]]></Parameter>
      <Parameter name="user"><![CDATA[minsig]]></Parameter>
      <Parameter name="extent">-20037508.34,-20037508.34,20037508.34,20037508.34</Parameter>
      <Parameter name="srid">900913</Parameter>
      <Parameter name="table"><![CDATA[(SELECT geometry, name, name_en, name_fr, NULLIF(tags->'name:en', '') AS "name:en", NULLIF(tags->'name:fr', '') AS "name:fr", NULLIF(tags->'name_int', '') AS "name_int", NULLIF(tags->'name:latin', '') AS "name:latin", NULLIF(tags->'name:nonlatin', '') AS "name:nonlatin", class, brunnel, intermittent FROM layer_waterway(!bbox!, z(!scale_denominator!))) AS t]]></Parameter>
      <Parameter name="type"><![CDATA[postgis]]></Parameter>
      <Parameter name="key_field"><![CDATA[]]></Parameter>
      <Parameter name="max_size">512</Parameter>
    </Datasource>
  </Layer>
  <Style filter-mode="first" name="landcover">
    <Rule>
      <MaxScaleDenominator>25000</MaxScaleDenominator>
      <Filter><![CDATA[([class] = 'wetland')]]></Filter>
      <PolygonSymbolizer fill="#1d1d1d" />
    </Rule>
    <Rule>
      <MinScaleDenominator>25000</MinScaleDenominator>
      <Filter><![CDATA[([class] = 'wetland')]]></Filter>
      <PolygonSymbolizer fill="#090909" />
    </Rule>
    <Rule>
      <MaxScaleDenominator>25000</MaxScaleDenominator>
      <Filter><![CDATA[([class] = 'wood')]]></Filter>
      <PolygonSymbolizer fill="#1d1d1d" />
    </Rule>
    <Rule>
      <MinScaleDenominator>25000</MinScaleDenominator>
      <Filter><![CDATA[([class] = 'wood')]]></Filter>
      <PolygonSymbolizer fill="#090909" />
    </Rule>
    <Rule>
      <Filter><![CDATA[([class] = 'sand')]]></Filter>
      <PolygonSymbolizer fill="#292929" />
    </Rule>
  </Style>
  <Layer buffer-size="4" name="landcover" srs="+proj=merc +a=6378137 +b=6378137 +lat_ts=0.0 +lon_0=0.0 +x_0=0.0 +y_0=0.0 +k=1.0 +units=m +nadgrids=@null +wktext +no_defs +over">
    <StyleName><![CDATA[landcover]]></StyleName>
    <Datasource>
      <Parameter name="geometry_field"><![CDATA[geometry]]></Parameter>
      <Parameter name="dbname"><![CDATA[gis]]></Parameter>
      <Parameter name="port">5432</Parameter>
      <Parameter name="host"><![CDATA[/var/run/postgresql]]></Parameter>
      <Parameter name="key_field_as_attribute"><![CDATA[]]></Parameter>
      <Parameter name="user"><![CDATA[minsig]]></Parameter>
      <Parameter name="extent">-20037508.34,-20037508.34,20037508.34,20037508.34</Parameter>
      <Parameter name="srid">900913</Parameter>
      <Parameter name="table"><![CDATA[(SELECT geometry, class, subclass FROM layer_landcover(!bbox!, z(!scale_denominator!))) AS t]]></Parameter>
      <Parameter name="type"><![CDATA[postgis]]></Parameter>
      <Parameter name="key_field"><![CDATA[]]></Parameter>
      <Parameter name="max_size">512</Parameter>
    </Datasource>
  </Layer>
  <Style filter-mode="first" name="landuse">
    <Rule>
      <Filter><![CDATA[([class] = 'hospital')]]></Filter>
      <PolygonSymbolizer fill="#101010" />
    </Rule>
    <Rule>
      <Filter><![CDATA[([class] = 'industrial')]]></Filter>
      <PolygonSymbolizer fill="#101010" />
    </Rule>
    <Rule>
      <Filter><![CDATA[([class] = 'school')]]></Filter>
      <PolygonSymbolizer fill="#101010" />
    </Rule>
  </Style>
  <Layer buffer-size="4" name="landuse" srs="+proj=merc +a=6378137 +b=6378137 +lat_ts=0.0 +lon_0=0.0 +x_0=0.0 +y_0=0.0 +k=1.0 +units=m +nadgrids=@null +wktext +no_defs +over">
    <StyleName><![CDATA[landuse]]></StyleName>
    <Datasource>
      <Parameter name="geometry_field"><![CDATA[geometry]]></Parameter>
      <Parameter name="dbname"><![CDATA[gis]]></Parameter>
      <Parameter name="port">5432</Parameter>
      <Parameter name="host"><![CDATA[/var/run/postgresql]]></Parameter>
      <Parameter name="key_field_as_attribute"><![CDATA[]]></Parameter>
      <Parameter name="user"><![CDATA[minsig]]></Parameter>
      <Parameter name="extent">-20037508.34,-20037508.34,20037508.34,20037508.34</Parameter>
      <Parameter name="srid">900913</Parameter>
      <Parameter name="table"><![CDATA[(SELECT geometry, class FROM layer_landuse(!bbox!, z(!scale_denominator!))) AS t]]></Parameter>
      <Parameter name="type"><![CDATA[postgis]]></Parameter>
      <Parameter name="key_field"><![CDATA[]]></Parameter>
      <Parameter name="max_size">512</Parameter>
    </Datasource>
  </Layer>
  <Layer buffer-size="64" name="mountain_peak" srs="+proj=merc +a=6378137 +b=6378137 +lat_ts=0.0 +lon_0=0.0 +x_0=0.0 +y_0=0.0 +k=1.0 +units=m +nadgrids=@null +wktext +no_defs +over">
    <Datasource>
      <Parameter name="geometry_field"><![CDATA[geometry]]></Parameter>
      <Parameter name="dbname"><![CDATA[gis]]></Parameter>
      <Parameter name="port">5432</Parameter>
      <Parameter name="host"><![CDATA[/var/run/postgresql]]></Parameter>
      <Parameter name="key_field_as_attribute">false</Parameter>
      <Parameter name="user"><![CDATA[minsig]]></Parameter>
      <Parameter name="extent">-20037508.34,-20037508.34,20037508.34,20037508.34</Parameter>
      <Parameter name="srid">900913</Parameter>
      <Parameter name="table"><![CDATA[(SELECT osm_id, geometry, name, name_en, name_fr, NULLIF(tags->'name:en', '') AS "name:en", NULLIF(tags->'name:fr', '') AS "name:fr", NULLIF(tags->'name_int', '') AS "name_int", NULLIF(tags->'name:latin', '') AS "name:latin", NULLIF(tags->'name:nonlatin', '') AS "name:nonlatin", class, ele, ele_ft, rank FROM layer_mountain_peak(!bbox!, z(!scale_denominator!), !pixel_width!)) AS t]]></Parameter>
      <Parameter name="type"><![CDATA[postgis]]></Parameter>
      <Parameter name="key_field"><![CDATA[osm_id]]></Parameter>
      <Parameter name="max_size">512</Parameter>
    </Datasource>
  </Layer>
  <Layer buffer-size="4" name="park" srs="+proj=merc +a=6378137 +b=6378137 +lat_ts=0.0 +lon_0=0.0 +x_0=0.0 +y_0=0.0 +k=1.0 +units=m +nadgrids=@null +wktext +no_defs +over">
    <Datasource>
      <Parameter name="geometry_field"><![CDATA[geometry]]></Parameter>
      <Parameter name="dbname"><![CDATA[gis]]></Parameter>
      <Parameter name="port">5432</Parameter>
      <Parameter name="host"><![CDATA[/var/run/postgresql]]></Parameter>
      <Parameter name="key_field_as_attribute"><![CDATA[]]></Parameter>
      <Parameter name="user"><![CDATA[minsig]]></Parameter>
      <Parameter name="extent">-20037508.34,-20037508.34,20037508.34,20037508.34</Parameter>
      <Parameter name="srid">900913</Parameter>
      <Parameter name="table"><![CDATA[(SELECT geometry, class, name, name_en, name_fr, NULLIF(tags->'name:en', '') AS "name:en", NULLIF(tags->'name:fr', '') AS "name:fr", NULLIF(tags->'name_int', '') AS "name_int", NULLIF(tags->'name:latin', '') AS "name:latin", NULLIF(tags->'name:nonlatin', '') AS "name:nonlatin", rank FROM layer_park(!bbox!, z(!scale_denominator!), !pixel_width!)) AS t]]></Parameter>
      <Parameter name="type"><![CDATA[postgis]]></Parameter>
      <Parameter name="key_field"><![CDATA[]]></Parameter>
      <Parameter name="max_size">512</Parameter>
    </Datasource>
  </Layer>
  <Style filter-mode="first" name="boundary">
    <Rule>
      <MaxScaleDenominator>3000000</MaxScaleDenominator>
      <Filter><![CDATA[([admin_level] = 4)]]></Filter>
      <LineSymbolizer stroke="#7a7a7a" stroke-dasharray="3, 2" stroke-linejoin="round" stroke-width="1.8" />
    </Rule>
    <Rule>
      <MaxScaleDenominator>12500000</MaxScaleDenominator>
      <MinScaleDenominator>3000000</MinScaleDenominator>
      <Filter><![CDATA[([admin_level] = 4)]]></Filter>
      <LineSymbolizer stroke="#7a7a7a" stroke-dasharray="3, 2" stroke-linejoin="round" stroke-width="1.5" />
    </Rule>
    <Rule>
      <MinScaleDenominator>12500000</MinScaleDenominator>
      <Filter><![CDATA[([admin_level] = 4)]]></Filter>
      <LineSymbolizer stroke="#7a7a7a" stroke-dasharray="3, 2" stroke-linejoin="round" stroke-width="1" />
    </Rule>
    <Rule>
      <MaxScaleDenominator>750000</MaxScaleDenominator>
      <Filter><![CDATA[([admin_level] = 2)]]></Filter>
      <LineSymbolizer stroke="#7a7a7a" stroke-linejoin="round" stroke-width="3" />
    </Rule>
    <Rule>
      <MaxScaleDenominator>3000000</MaxScaleDenominator>
      <MinScaleDenominator>750000</MinScaleDenominator>
      <Filter><![CDATA[([admin_level] = 2)]]></Filter>
      <LineSymbolizer stroke="#7a7a7a" stroke-linejoin="round" stroke-width="2" />
    </Rule>
    <Rule>
      <MaxScaleDenominator>12500000</MaxScaleDenominator>
      <MinScaleDenominator>3000000</MinScaleDenominator>
      <Filter><![CDATA[([admin_level] = 2)]]></Filter>
      <LineSymbolizer stroke="#7a7a7a" stroke-linejoin="round" stroke-width="1.8" />
    </Rule>
    <Rule>
      <MaxScaleDenominator>25000000</MaxScaleDenominator>
      <MinScaleDenominator>12500000</MinScaleDenominator>
      <Filter><![CDATA[([admin_level] = 2)]]></Filter>
      <LineSymbolizer stroke="#7a7a7a" stroke-linejoin="round" stroke-width="1.4" />
    </Rule>
    <Rule>
      <MinScaleDenominator>25000000</MinScaleDenominator>
      <Filter><![CDATA[([admin_level] = 2)]]></Filter>
      <LineSymbolizer stroke="#7a7a7a" stroke-linejoin="round" stroke-width="1" />
    </Rule>
  </Style>
  <Layer buffer-size="4" name="boundary" srs="+proj=merc +a=6378137 +b=6378137 +lat_ts=0.0 +lon_0=0.0 +x_0=0.0 +y_0=0.0 +k=1.0 +units=m +nadgrids=@null +wktext +no_defs +over">
    <StyleName><![CDATA[boundary]]></StyleName>
    <Datasource>
      <Parameter name="geometry_field"><![CDATA[geometry]]></Parameter>
      <Parameter name="dbname"><![CDATA[gis]]></Parameter>
      <Parameter name="port">5432</Parameter>
      <Parameter name="host"><![CDATA[/var/run/postgresql]]></Parameter>
      <Parameter name="key_field_as_attribute"><![CDATA[]]></Parameter>
      <Parameter name="user"><![CDATA[minsig]]></Parameter>
      <Parameter name="extent">-20037508.34,-20037508.34,20037508.34,20037508.34</Parameter>
      <Parameter name="srid">900913</Parameter>
      <Parameter name="table"><![CDATA[(SELECT geometry, admin_level, disputed, disputed_name, claimed_by, maritime FROM layer_boundary(!bbox!, z(!scale_denominator!))) AS t]]></Parameter>
      <Parameter name="type"><![CDATA[postgis]]></Parameter>
      <Parameter name="key_field"><![CDATA[]]></Parameter>
      <Parameter name="max_size">512</Parameter>
    </Datasource>
  </Layer>
  <Style filter-mode="first" name="aeroway">
    <Rule>
      <MaxScaleDenominator>12500</MaxScaleDenominator>
      <Filter><![CDATA[([mapnik::geometry_type] = 2) and ([class] = 'runway')]]></Filter>
      <LineSymbolizer stroke="#2b2b2b" stroke-width="6" />
    </Rule>
    <Rule>
      <MaxScaleDenominator>100000</MaxScaleDenominator>
      <MinScaleDenominator>12500</MinScaleDenominator>
      <Filter><![CDATA[([mapnik::geometry_type] = 2) and ([class] = 'runway')]]></Filter>
      <LineSymbolizer stroke="#1e1e1e" stroke-width="4" />
    </Rule>
    <Rule>
      <MinScaleDenominator>100000</MinScaleDenominator>
      <Filter><![CDATA[([mapnik::geometry_type] = 2) and ([class] = 'runway')]]></Filter>
      <LineSymbolizer stroke="#1e1e1e" stroke-width="1" />
    </Rule>
    <Rule>
      <MaxScaleDenominator>12500</MaxScaleDenominator>
      <Filter><![CDATA[([mapnik::geometry_type] = 3) and ([class] != 'apron')]]></Filter>
      <PolygonSymbolizer fill="#2b2b2b" />
    </Rule>
    <Rule>
      <MinScaleDenominator>12500</MinScaleDenominator>
      <Filter><![CDATA[([mapnik::geometry_type] = 3) and ([class] != 'apron')]]></Filter>
      <PolygonSymbolizer fill="#1e1e1e" />
    </Rule>
    <Rule>
      <MaxScaleDenominator>12500</MaxScaleDenominator>
      <Filter><![CDATA[([mapnik::geometry_type] = 2)]]></Filter>
      <LineSymbolizer stroke="#2b2b2b" stroke-width="3" />
    </Rule>
    <Rule>
      <MinScaleDenominator>12500</MinScaleDenominator>
      <Filter><![CDATA[([mapnik::geometry_type] = 2)]]></Filter>
      <LineSymbolizer stroke="#1e1e1e" stroke-width="1" />
    </Rule>
  </Style>
  <Layer buffer-size="4" name="aeroway" srs="+proj=merc +a=6378137 +b=6378137 +lat_ts=0.0 +lon_0=0.0 +x_0=0.0 +y_0=0.0 +k=1.0 +units=m +nadgrids=@null +wktext +no_defs +over">
    <StyleName><![CDATA[aeroway]]></StyleName>
    <Datasource>
      <Parameter name="geometry_field"><![CDATA[geometry]]></Parameter>
      <Parameter name="dbname"><![CDATA[gis]]></Parameter>
      <Parameter name="port">5432</Parameter>
      <Parameter name="host"><![CDATA[/var/run/postgresql]]></Parameter>
      <Parameter name="key_field_as_attribute"><![CDATA[]]></Parameter>
      <Parameter name="user"><![CDATA[minsig]]></Parameter>
      <Parameter name="extent">-20037508.34,-20037508.34,20037508.34,20037508.34</Parameter>
      <Parameter name="srid">900913</Parameter>
      <Parameter name="table"><![CDATA[(SELECT geometry, ref, class FROM layer_aeroway(!bbox!, z(!scale_denominator!))) AS t]]></Parameter>
      <Parameter name="type"><![CDATA[postgis]]></Parameter>
      <Parameter name="key_field"><![CDATA[]]></Parameter>
      <Parameter name="max_size">512</Parameter>
    </Datasource>
  </Layer>
  <Style filter-mode="first" name="transportation" opacity="0.5">
    <Rule>
      <MaxScaleDenominator>12500000</MaxScaleDenominator>
      <MinScaleDenominator>400000</MinScaleDenominator>
      <Filter><![CDATA[([class] = 'motorway') and ([brunnel] = 'tunnel')]]></Filter>
      <LineSymbolizer stroke="#484848" stroke-width="1" />
    </Rule>
    <Rule>
      <MaxScaleDenominator>25000000</MaxScaleDenominator>
      <MinScaleDenominator>12500000</MinScaleDenominator>
      <Filter><![CDATA[([class] = 'motorway') and ([brunnel] = 'tunnel')]]></Filter>
      <LineSymbolizer stroke="#484848" stroke-width="0.5" />
    </Rule>
    <Rule>
      <MinScaleDenominator>25000000</MinScaleDenominator>
      <Filter><![CDATA[([class] = 'motorway') and ([brunnel] = 'tunnel')]]></Filter>
      <LineSymbolizer stroke="#484848" stroke-width="0.25" />
    </Rule>
    <Rule>
      <MaxScaleDenominator>12500000</MaxScaleDenominator>
      <MinScaleDenominator>400000</MinScaleDenominator>
      <Filter><![CDATA[([class] = 'motorway')]]></Filter>
      <LineSymbolizer stroke="#484848" stroke-width="1" />
    </Rule>
    <Rule>
      <MaxScaleDenominator>25000000</MaxScaleDenominator>
      <MinScaleDenominator>12500000</MinScaleDenominator>
      <Filter><![CDATA[([class] = 'motorway')]]></Filter>
      <LineSymbolizer stroke="#484848" stroke-width="0.5" />
    </Rule>
    <Rule>
      <MinScaleDenominator>25000000</MinScaleDenominator>
      <Filter><![CDATA[([class] = 'motorway')]]></Filter>
      <LineSymbolizer stroke="#484848" stroke-width="0.25" />
    </Rule>
    <Rule>
      <MaxScaleDenominator>12500000</MaxScaleDenominator>
      <MinScaleDenominator>400000</MinScaleDenominator>
      <Filter><![CDATA[([class].match('trunk|primary|secondary|tertiary')) and ([brunnel] = 'tunnel')]]></Filter>
      <LineSymbolizer stroke="#484848" stroke-width="0.5" />
    </Rule>
    <Rule>
      <MinScaleDenominator>12500000</MinScaleDenominator>
      <Filter><![CDATA[([class].match('trunk|primary|secondary|tertiary')) and ([brunnel] = 'tunnel')]]></Filter>
      <LineSymbolizer stroke="#484848" stroke-width="0.25" />
    </Rule>
    <Rule>
      <MaxScaleDenominator>12500000</MaxScaleDenominator>
      <MinScaleDenominator>400000</MinScaleDenominator>
      <Filter><![CDATA[([class].match('trunk|primary|secondary|tertiary'))]]></Filter>
      <LineSymbolizer stroke="#484848" stroke-width="0.5" />
    </Rule>
    <Rule>
      <MinScaleDenominator>12500000</MinScaleDenominator>
      <Filter><![CDATA[([class].match('trunk|primary|secondary|tertiary'))]]></Filter>
      <LineSymbolizer stroke="#484848" stroke-width="0.25" />
    </Rule>
    <Rule>
      <MinScaleDenominator>400000</MinScaleDenominator>
      <Filter><![CDATA[([brunnel] = 'tunnel')]]></Filter>
      <LineSymbolizer stroke="#484848" stroke-width="0.25" />
    </Rule>
    <Rule>
      <MinScaleDenominator>400000</MinScaleDenominator>
      <LineSymbolizer stroke="#484848" stroke-width="0.25" />
    </Rule>
  </Style>
  <Style filter-mode="first" name="transportation-fill">
    <Rule>
      <MaxScaleDenominator>2500</MaxScaleDenominator>
      <Filter><![CDATA[([mapnik::geometry_type] = 2) and ([class] = 'motorway') and ([ramp] = 1)]]></Filter>
      <LineSymbolizer stroke="#484848" stroke-width="7" />
    </Rule>
    <Rule>
      <MaxScaleDenominator>12500</MaxScaleDenominator>
      <MinScaleDenominator>2500</MinScaleDenominator>
      <Filter><![CDATA[([mapnik::geometry_type] = 2) and ([class] = 'motorway') and ([ramp] = 1)]]></Filter>
      <LineSymbolizer stroke="#484848" stroke-width="5" />
    </Rule>
    <Rule>
      <MaxScaleDenominator>50000</MaxScaleDenominator>
      <MinScaleDenominator>12500</MinScaleDenominator>
      <Filter><![CDATA[([mapnik::geometry_type] = 2) and ([class] = 'motorway') and ([ramp] = 1)]]></Filter>
      <LineSymbolizer stroke="#484848" stroke-width="3" />
    </Rule>
    <Rule>
      <MaxScaleDenominator>200000</MaxScaleDenominator>
      <MinScaleDenominator>50000</MinScaleDenominator>
      <Filter><![CDATA[([mapnik::geometry_type] = 2) and ([class] = 'motorway') and ([ramp] = 1)]]></Filter>
      <LineSymbolizer stroke="#484848" stroke-width="2" />
    </Rule>
    <Rule>
      <MaxScaleDenominator>400000</MaxScaleDenominator>
      <MinScaleDenominator>200000</MinScaleDenominator>
      <Filter><![CDATA[([mapnik::geometry_type] = 2) and ([class] = 'motorway') and ([ramp] = 1)]]></Filter>
      <LineSymbolizer stroke="#484848" stroke-width="1" />
    </Rule>
    <Rule>
      <MaxScaleDenominator>2500</MaxScaleDenominator>
      <Filter><![CDATA[([mapnik::geometry_type] = 2) and ([class] = 'minor')]]></Filter>
      <LineSymbolizer stroke="#484848" stroke-width="4" />
    </Rule>
    <Rule>
      <MaxScaleDenominator>12500</MaxScaleDenominator>
      <MinScaleDenominator>2500</MinScaleDenominator>
      <Filter><![CDATA[([mapnik::geometry_type] = 2) and ([class] = 'minor')]]></Filter>
      <LineSymbolizer stroke="#484848" stroke-width="2" />
    </Rule>
    <Rule>
      <MaxScaleDenominator>50000</MaxScaleDenominator>
      <MinScaleDenominator>12500</MinScaleDenominator>
      <Filter><![CDATA[([mapnik::geometry_type] = 2) and ([class] = 'minor')]]></Filter>
      <LineSymbolizer stroke="#484848" stroke-width="1" />
    </Rule>
    <Rule>
      <MaxScaleDenominator>400000</MaxScaleDenominator>
      <MinScaleDenominator>50000</MinScaleDenominator>
      <Filter><![CDATA[([mapnik::geometry_type] = 2) and ([class] = 'minor')]]></Filter>
      <LineSymbolizer stroke="#484848" stroke-width="0.25" />
    </Rule>
    <Rule>
      <MaxScaleDenominator>2500</MaxScaleDenominator>
      <Filter><![CDATA[([mapnik::geometry_type] = 2) and ([class] = 'service')]]></Filter>
      <LineSymbolizer stroke="#484848" stroke-width="4" />
    </Rule>
    <Rule>
      <MaxScaleDenominator>12500</MaxScaleDenominator>
      <MinScaleDenominator>2500</MinScaleDenominator>
      <Filter><![CDATA[([mapnik::geometry_type] = 2) and ([class] = 'service')]]></Filter>
      <LineSymbolizer stroke="#484848" stroke-width="2" />
    </Rule>
    <Rule>
      <MaxScaleDenominator>50000</MaxScaleDenominator>
      <MinScaleDenominator>12500</MinScaleDenominator>
      <Filter><![CDATA[([mapnik::geometry_type] = 2) and ([class] = 'service')]]></Filter>
      <LineSymbolizer stroke="#484848" stroke-width="1" />
    </Rule>
    <Rule>
      <MaxScaleDenominator>400000</MaxScaleDenominator>
      <MinScaleDenominator>50000</MinScaleDenominator>
      <Filter><![CDATA[([mapnik::geometry_type] = 2) and ([class] = 'service')]]></Filter>
      <LineSymbolizer stroke="#484848" stroke-width="0.25" />
    </Rule>
    <Rule>
      <MaxScaleDenominator>2500</MaxScaleDenominator>
      <Filter><![CDATA[([mapnik::geometry_type] = 2) and ([class] = 'trunk|primary|secondary|tertiary')]]></Filter>
      <LineSymbolizer stroke="#484848" stroke-width="7" />
    </Rule>
    <Rule>
      <MaxScaleDenominator>12500</MaxScaleDenominator>
      <MinScaleDenominator>2500</MinScaleDenominator>
      <Filter><![CDATA[([mapnik::geometry_type] = 2) and ([class] = 'trunk|primary|secondary|tertiary')]]></Filter>
      <LineSymbolizer stroke="#484848" stroke-width="5" />
    </Rule>
    <Rule>
      <MaxScaleDenominator>50000</MaxScaleDenominator>
      <MinScaleDenominator>12500</MinScaleDenominator>
      <Filter><![CDATA[([mapnik::geometry_type] = 2) and ([class] = 'trunk|primary|secondary|tertiary')]]></Filter>
      <LineSymbolizer stroke="#484848" stroke-width="3" />
    </Rule>
    <Rule>
      <MaxScaleDenominator>200000</MaxScaleDenominator>
      <MinScaleDenominator>50000</MinScaleDenominator>
      <Filter><![CDATA[([mapnik::geometry_type] = 2) and ([class] = 'trunk|primary|secondary|tertiary')]]></Filter>
      <LineSymbolizer stroke="#484848" stroke-width="2" />
    </Rule>
    <Rule>
      <MaxScaleDenominator>400000</MaxScaleDenominator>
      <MinScaleDenominator>200000</MinScaleDenominator>
      <Filter><![CDATA[([mapnik::geometry_type] = 2) and ([class] = 'trunk|primary|secondary|tertiary')]]></Filter>
      <LineSymbolizer stroke="#484848" stroke-width="1" />
    </Rule>
    <Rule>
      <MaxScaleDenominator>2500</MaxScaleDenominator>
      <Filter><![CDATA[([mapnik::geometry_type] = 2) and ([class] = 'motorway')]]></Filter>
      <LineSymbolizer stroke="#484848" stroke-width="10" />
    </Rule>
    <Rule>
      <MaxScaleDenominator>12500</MaxScaleDenominator>
      <MinScaleDenominator>2500</MinScaleDenominator>
      <Filter><![CDATA[([mapnik::geometry_type] = 2) and ([class] = 'motorway')]]></Filter>
      <LineSymbolizer stroke="#484848" stroke-width="7" />
    </Rule>
    <Rule>
      <MaxScaleDenominator>50000</MaxScaleDenominator>
      <MinScaleDenominator>12500</MinScaleDenominator>
      <Filter><![CDATA[([mapnik::geometry_type] = 2) and ([class] = 'motorway')]]></Filter>
      <LineSymbolizer stroke="#484848" stroke-width="4" />
    </Rule>
    <Rule>
      <MaxScaleDenominator>200000</MaxScaleDenominator>
      <MinScaleDenominator>50000</MinScaleDenominator>
      <Filter><![CDATA[([mapnik::geometry_type] = 2) and ([class] = 'motorway')]]></Filter>
      <LineSymbolizer stroke="#484848" stroke-width="3" />
    </Rule>
    <Rule>
      <MaxScaleDenominator>400000</MaxScaleDenominator>
      <MinScaleDenominator>200000</MinScaleDenominator>
      <Filter><![CDATA[([mapnik::geometry_type] = 2) and ([class] = 'motorway')]]></Filter>
      <LineSymbolizer stroke="#484848" stroke-width="2" />
    </Rule>
    <Rule>
      <MaxScaleDenominator>25000</MaxScaleDenominator>
      <Filter><![CDATA[([mapnik::geometry_type] = 2) and ([class] = 'railway')]]></Filter>
      <LineSymbolizer stroke="#484848" stroke-dasharray="3, 3" stroke-width="1" />
    </Rule>
    <Rule>
      <MaxScaleDenominator>400000</MaxScaleDenominator>
      <MinScaleDenominator>25000</MinScaleDenominator>
      <Filter><![CDATA[([mapnik::geometry_type] = 2) and ([class] = 'railway')]]></Filter>
      <LineSymbolizer stroke="#484848" stroke-dasharray="3, 3" stroke-width="0.25" />
    </Rule>
    <Rule>
      <MaxScaleDenominator>25000</MaxScaleDenominator>
      <Filter><![CDATA[([mapnik::geometry_type] = 2) and ([class] = 'path')]]></Filter>
      <LineSymbolizer stroke="#484848" stroke-dasharray="2, 2" stroke-width="1" />
    </Rule>
    <Rule>
      <MaxScaleDenominator>400000</MaxScaleDenominator>
      <MinScaleDenominator>25000</MinScaleDenominator>
      <Filter><![CDATA[([mapnik::geometry_type] = 2) and ([class] = 'path')]]></Filter>
      <LineSymbolizer stroke="#484848" stroke-dasharray="2, 2" stroke-width="0.25" />
    </Rule>
    <Rule>
      <MaxScaleDenominator>25000</MaxScaleDenominator>
      <Filter><![CDATA[([mapnik::geometry_type] = 2)]]></Filter>
      <LineSymbolizer stroke="#484848" stroke-width="1" />
    </Rule>
    <Rule>
      <MaxScaleDenominator>400000</MaxScaleDenominator>
      <MinScaleDenominator>25000</MinScaleDenominator>
      <Filter><![CDATA[([mapnik::geometry_type] = 2)]]></Filter>
      <LineSymbolizer stroke="#484848" stroke-width="0.25" />
    </Rule>
  </Style>
  <Style filter-mode="first" name="transportation-case">
    <Rule>
      <MaxScaleDenominator>2500</MaxScaleDenominator>
      <Filter><![CDATA[([mapnik::geometry_type] = 2) and ([class] = 'motorway') and ([ramp] = 1)]]></Filter>
      <LineSymbolizer stroke="#111111" stroke-width="9" />
    </Rule>
    <Rule>
      <MaxScaleDenominator>12500</MaxScaleDenominator>
      <MinScaleDenominator>2500</MinScaleDenominator>
      <Filter><![CDATA[([mapnik::geometry_type] = 2) and ([class] = 'motorway') and ([ramp] = 1)]]></Filter>
      <LineSymbolizer stroke="#111111" stroke-width="7" />
    </Rule>
    <Rule>
      <MaxScaleDenominator>50000</MaxScaleDenominator>
      <MinScaleDenominator>12500</MinScaleDenominator>
      <Filter><![CDATA[([mapnik::geometry_type] = 2) and ([class] = 'motorway') and ([ramp] = 1)]]></Filter>
      <LineSymbolizer stroke="#111111" stroke-width="5" />
    </Rule>
    <Rule>
      <MaxScaleDenominator>200000</MaxScaleDenominator>
      <MinScaleDenominator>50000</MinScaleDenominator>
      <Filter><![CDATA[([mapnik::geometry_type] = 2) and ([class] = 'motorway') and ([ramp] = 1)]]></Filter>
      <LineSymbolizer stroke="#111111" stroke-width="4" />
    </Rule>
    <Rule>
      <MaxScaleDenominator>400000</MaxScaleDenominator>
      <MinScaleDenominator>200000</MinScaleDenominator>
      <Filter><![CDATA[([mapnik::geometry_type] = 2) and ([class] = 'motorway') and ([ramp] = 1)]]></Filter>
      <LineSymbolizer stroke="#111111" stroke-width="3" />
    </Rule>
    <Rule>
      <MaxScaleDenominator>2500</MaxScaleDenominator>
      <Filter><![CDATA[([mapnik::geometry_type] = 2) and ([class] = 'minor')]]></Filter>
      <LineSymbolizer stroke="#111111" stroke-width="6" />
    </Rule>
    <Rule>
      <MaxScaleDenominator>12500</MaxScaleDenominator>
      <MinScaleDenominator>2500</MinScaleDenominator>
      <Filter><![CDATA[([mapnik::geometry_type] = 2) and ([class] = 'minor')]]></Filter>
      <LineSymbolizer stroke="#111111" stroke-width="4" />
    </Rule>
    <Rule>
      <MaxScaleDenominator>50000</MaxScaleDenominator>
      <MinScaleDenominator>12500</MinScaleDenominator>
      <Filter><![CDATA[([mapnik::geometry_type] = 2) and ([class] = 'minor')]]></Filter>
      <LineSymbolizer stroke="#111111" stroke-width="3" />
    </Rule>
    <Rule>
      <MaxScaleDenominator>400000</MaxScaleDenominator>
      <MinScaleDenominator>50000</MinScaleDenominator>
      <Filter><![CDATA[([mapnik::geometry_type] = 2) and ([class] = 'minor')]]></Filter>
      <LineSymbolizer stroke="#111111" stroke-width="1" />
    </Rule>
    <Rule>
      <MaxScaleDenominator>2500</MaxScaleDenominator>
      <Filter><![CDATA[([mapnik::geometry_type] = 2) and ([class] = 'service')]]></Filter>
      <LineSymbolizer stroke="#111111" stroke-width="6" />
    </Rule>
    <Rule>
      <MaxScaleDenominator>12500</MaxScaleDenominator>
      <MinScaleDenominator>2500</MinScaleDenominator>
      <Filter><![CDATA[([mapnik::geometry_type] = 2) and ([class] = 'service')]]></Filter>
      <LineSymbolizer stroke="#111111" stroke-width="4" />
    </Rule>
    <Rule>
      <MaxScaleDenominator>50000</MaxScaleDenominator>
      <MinScaleDenominator>12500</MinScaleDenominator>
      <Filter><![CDATA[([mapnik::geometry_type] = 2) and ([class] = 'service')]]></Filter>
      <LineSymbolizer stroke="#111111" stroke-width="3" />
    </Rule>
    <Rule>
      <MaxScaleDenominator>400000</MaxScaleDenominator>
      <MinScaleDenominator>50000</MinScaleDenominator>
      <Filter><![CDATA[([mapnik::geometry_type] = 2) and ([class] = 'service')]]></Filter>
      <LineSymbolizer stroke="#111111" stroke-width="1" />
    </Rule>
    <Rule>
      <MaxScaleDenominator>2500</MaxScaleDenominator>
      <Filter><![CDATA[([mapnik::geometry_type] = 2) and ([class] = 'trunk|primary|secondary|tertiary')]]></Filter>
      <LineSymbolizer stroke="#111111" stroke-width="9" />
    </Rule>
    <Rule>
      <MaxScaleDenominator>12500</MaxScaleDenominator>
      <MinScaleDenominator>2500</MinScaleDenominator>
      <Filter><![CDATA[([mapnik::geometry_type] = 2) and ([class] = 'trunk|primary|secondary|tertiary')]]></Filter>
      <LineSymbolizer stroke="#111111" stroke-width="7" />
    </Rule>
    <Rule>
      <MaxScaleDenominator>50000</MaxScaleDenominator>
      <MinScaleDenominator>12500</MinScaleDenominator>
      <Filter><![CDATA[([mapnik::geometry_type] = 2) and ([class] = 'trunk|primary|secondary|tertiary')]]></Filter>
      <LineSymbolizer stroke="#111111" stroke-width="5" />
    </Rule>
    <Rule>
      <MaxScaleDenominator>200000</MaxScaleDenominator>
      <MinScaleDenominator>50000</MinScaleDenominator>
      <Filter><![CDATA[([mapnik::geometry_type] = 2) and ([class] = 'trunk|primary|secondary|tertiary')]]></Filter>
      <LineSymbolizer stroke="#111111" stroke-width="4" />
    </Rule>
    <Rule>
      <MaxScaleDenominator>400000</MaxScaleDenominator>
      <MinScaleDenominator>200000</MinScaleDenominator>
      <Filter><![CDATA[([mapnik::geometry_type] = 2) and ([class] = 'trunk|primary|secondary|tertiary')]]></Filter>
      <LineSymbolizer stroke="#111111" stroke-width="3" />
    </Rule>
    <Rule>
      <MaxScaleDenominator>400000</MaxScaleDenominator>
      <Filter><![CDATA[([mapnik::geometry_type] = 2)]]></Filter>
      <LineSymbolizer stroke="#111111" stroke-width="1" />
    </Rule>
  </Style>
  <Layer buffer-size="4" name="transportation" srs="+proj=merc +a=6378137 +b=6378137 +lat_ts=0.0 +lon_0=0.0 +x_0=0.0 +y_0=0.0 +k=1.0 +units=m +nadgrids=@null +wktext +no_defs +over">
    <StyleName><![CDATA[transportation-case]]></StyleName>
    <StyleName><![CDATA[transportation-fill]]></StyleName>
    <StyleName><![CDATA[transportation]]></StyleName>
    <Datasource>
      <Parameter name="geometry_field"><![CDATA[geometry]]></Parameter>
      <Parameter name="dbname"><![CDATA[gis]]></Parameter>
      <Parameter name="port">5432</Parameter>
      <Parameter name="host"><![CDATA[/var/run/postgresql]]></Parameter>
      <Parameter name="key_field_as_attribute"><![CDATA[]]></Parameter>
      <Parameter name="user"><![CDATA[minsig]]></Parameter>
      <Parameter name="extent">-20037508.34,-20037508.34,20037508.34,20037508.34</Parameter>
      <Parameter name="srid">900913</Parameter>
      <Parameter name="table"><![CDATA[(SELECT geometry, class, subclass, oneway, ramp, brunnel, service, layer, level, indoor, bicycle, foot, horse, mtb_scale, surface FROM layer_transportation(!bbox!, z(!scale_denominator!))) AS t]]></Parameter>
      <Parameter name="type"><![CDATA[postgis]]></Parameter>
      <Parameter name="key_field"><![CDATA[]]></Parameter>
      <Parameter name="max_size">512</Parameter>
    </Datasource>
  </Layer>
  <Style filter-mode="first" name="building">
    <Rule>
      <MaxScaleDenominator>12500</MaxScaleDenominator>
      <PolygonSymbolizer fill="#2b2b2b" />
    </Rule>
    <Rule>
      <MinScaleDenominator>12500</MinScaleDenominator>
      <PolygonSymbolizer fill="#1e1e1e" />
    </Rule>
  </Style>
  <Layer buffer-size="4" name="building" srs="+proj=merc +a=6378137 +b=6378137 +lat_ts=0.0 +lon_0=0.0 +x_0=0.0 +y_0=0.0 +k=1.0 +units=m +nadgrids=@null +wktext +no_defs +over">
    <StyleName><![CDATA[building]]></StyleName>
    <Datasource>
      <Parameter name="geometry_field"><![CDATA[geometry]]></Parameter>
      <Parameter name="dbname"><![CDATA[gis]]></Parameter>
      <Parameter name="port">5432</Parameter>
      <Parameter name="host"><![CDATA[/var/run/postgresql]]></Parameter>
      <Parameter name="key_field_as_attribute"><![CDATA[]]></Parameter>
      <Parameter name="user"><![CDATA[minsig]]></Parameter>
      <Parameter name="extent">-20037508.34,-20037508.34,20037508.34,20037508.34</Parameter>
      <Parameter name="srid">900913</Parameter>
      <Parameter name="table"><![CDATA[(SELECT geometry, render_height, render_min_height, colour, hide_3d FROM layer_building(!bbox!, z(!scale_denominator!))) AS t]]></Parameter>
      <Parameter name="type"><![CDATA[postgis]]></Parameter>
      <Parameter name="key_field"><![CDATA[]]></Parameter>
      <Parameter name="max_size">512</Parameter>
    </Datasource>
  </Layer>
  <Style filter-mode="first" name="water_name">
    <Rule>
      <MaxScaleDenominator>5000</MaxScaleDenominator>
      <TextSymbolizer avoid-edges="true" fill="#888888" fontset-name="fontset-0" halo-fill="#2e2e2e" halo-radius="1" size="12" wrap-before="true" wrap-width="60"><![CDATA[[name]]]></TextSymbolizer>
    </Rule>
    <Rule>
      <MaxScaleDenominator>12500</MaxScaleDenominator>
      <MinScaleDenominator>5000</MinScaleDenominator>
      <TextSymbolizer avoid-edges="true" fill="#888888" fontset-name="fontset-0" halo-fill="#2e2e2e" halo-radius="1" size="12" wrap-before="true" wrap-width="60"><![CDATA[[name]]]></TextSymbolizer>
    </Rule>
    <Rule>
      <MaxScaleDenominator>50000</MaxScaleDenominator>
      <MinScaleDenominator>12500</MinScaleDenominator>
      <TextSymbolizer avoid-edges="true" fill="#888888" fontset-name="fontset-0" halo-fill="#2e2e2e" halo-radius="1" size="12" wrap-before="true" wrap-width="60"><![CDATA[[name]]]></TextSymbolizer>
    </Rule>
    <Rule>
      <MinScaleDenominator>50000</MinScaleDenominator>
      <TextSymbolizer avoid-edges="true" fill="#888888" fontset-name="fontset-0" halo-fill="#2e2e2e" halo-radius="1" size="12" wrap-before="true" wrap-width="60"><![CDATA[[name]]]></TextSymbolizer>
    </Rule>
  </Style>
  <Layer buffer-size="256" name="water_name" srs="+proj=merc +a=6378137 +b=6378137 +lat_ts=0.0 +lon_0=0.0 +x_0=0.0 +y_0=0.0 +k=1.0 +units=m +nadgrids=@null +wktext +no_defs +over">
    <StyleName><![CDATA[water_name]]></StyleName>
    <Datasource>
      <Parameter name="geometry_field"><![CDATA[geometry]]></Parameter>
      <Parameter name="dbname"><![CDATA[gis]]></Parameter>
      <Parameter name="port">5432</Parameter>
      <Parameter name="host"><![CDATA[/var/run/postgresql]]></Parameter>
      <Parameter name="key_field_as_attribute">false</Parameter>
      <Parameter name="user"><![CDATA[minsig]]></Parameter>
      <Parameter name="extent">-20037508.34,-20037508.34,20037508.34,20037508.34</Parameter>
      <Parameter name="srid">900913</Parameter>
      <Parameter name="table"><![CDATA[(SELECT osm_id, geometry, name, name_en, name_fr, NULLIF(tags->'name:en', '') AS "name:en", NULLIF(tags->'name:fr', '') AS "name:fr", NULLIF(tags->'name_int', '') AS "name_int", NULLIF(tags->'name:latin', '') AS "name:latin", NULLIF(tags->'name:nonlatin', '') AS "name:nonlatin", class, intermittent FROM layer_water_name(!bbox!, z(!scale_denominator!))) AS t]]></Parameter>
      <Parameter name="type"><![CDATA[postgis]]></Parameter>
      <Parameter name="key_field"><![CDATA[osm_id]]></Parameter>
      <Parameter name="max_size">512</Parameter>
    </Datasource>
  </Layer>
  <Style filter-mode="first" name="transportation_name">
    <Rule>
      <MaxScaleDenominator>5000</MaxScaleDenominator>
      <TextSymbolizer fill="#888888" fontset-name="fontset-1" halo-fill="#111111" halo-radius="1" minimum-distance="100" placement="line" size="11"><![CDATA[[name]]]></TextSymbolizer>
    </Rule>
    <Rule>
      <MaxScaleDenominator>200000</MaxScaleDenominator>
      <MinScaleDenominator>5000</MinScaleDenominator>
      <TextSymbolizer fill="#888888" fontset-name="fontset-1" halo-fill="#111111" halo-radius="1" minimum-distance="100" placement="line" size="9"><![CDATA[[name]]]></TextSymbolizer>
    </Rule>
  </Style>
  <Style filter-mode="first" name="transportation_name-shield-pt">
    <Rule>
      <MaxScaleDenominator>1500000</MaxScaleDenominator>
      <MinScaleDenominator>400000</MinScaleDenominator>
      <Filter><![CDATA[([class] = 'motorway') and ([ref_length] <= 6)]]></Filter>
      <ShieldSymbolizer avoid-edges="false" file="shield/default-[ref_length].svg" fill="#aaaaaa" fontset-name="fontset-1" line-spacing="-4" placement="point" size="9"><![CDATA[[ref].replace('·', '\n')]]></ShieldSymbolizer>
    </Rule>
    <Rule>
      <MaxScaleDenominator>6500000</MaxScaleDenominator>
      <MinScaleDenominator>1500000</MinScaleDenominator>
      <Filter><![CDATA[([class] = 'motorway') and ([ref_length] <= 6)]]></Filter>
      <ShieldSymbolizer avoid-edges="false" file="shield/default-[ref_length].svg" fill="#aaaaaa" fontset-name="fontset-1" line-spacing="-4" placement="point" size="9"><![CDATA[[ref].replace('·', '\n')]]></ShieldSymbolizer>
    </Rule>
  </Style>
  <Style filter-mode="first" name="transportation_name-shield-ln">
    <Rule>
      <MaxScaleDenominator>50000</MaxScaleDenominator>
      <Filter><![CDATA[([ref_length] <= 6)]]></Filter>
      <ShieldSymbolizer avoid-edges="true" file="shield/default-[ref_length].svg" fill="#aaaaaa" fontset-name="fontset-1" line-spacing="-4" minimum-distance="100" placement="line" size="11" spacing="400" transform="scale(1.25,1.25)"><![CDATA[[ref].replace('·', '\n')]]></ShieldSymbolizer>
    </Rule>
    <Rule>
      <MaxScaleDenominator>400000</MaxScaleDenominator>
      <MinScaleDenominator>50000</MinScaleDenominator>
      <Filter><![CDATA[([ref_length] <= 6)]]></Filter>
      <ShieldSymbolizer avoid-edges="true" file="shield/default-[ref_length].svg" fill="#aaaaaa" fontset-name="fontset-1" line-spacing="-4" minimum-distance="100" placement="line" size="9" spacing="400"><![CDATA[[ref].replace('·', '\n')]]></ShieldSymbolizer>
    </Rule>
  </Style>
  <Layer buffer-size="8" name="transportation_name" srs="+proj=merc +a=6378137 +b=6378137 +lat_ts=0.0 +lon_0=0.0 +x_0=0.0 +y_0=0.0 +k=1.0 +units=m +nadgrids=@null +wktext +no_defs +over">
    <StyleName><![CDATA[transportation_name-shield-ln]]></StyleName>
    <StyleName><![CDATA[transportation_name-shield-pt]]></StyleName>
    <StyleName><![CDATA[transportation_name]]></StyleName>
    <Datasource>
      <Parameter name="geometry_field"><![CDATA[geometry]]></Parameter>
      <Parameter name="dbname"><![CDATA[gis]]></Parameter>
      <Parameter name="port">5432</Parameter>
      <Parameter name="host"><![CDATA[/var/run/postgresql]]></Parameter>
      <Parameter name="key_field_as_attribute"><![CDATA[]]></Parameter>
      <Parameter name="user"><![CDATA[minsig]]></Parameter>
      <Parameter name="extent">-20037508.34,-20037508.34,20037508.34,20037508.34</Parameter>
      <Parameter name="srid">900913</Parameter>
      <Parameter name="table"><![CDATA[(SELECT geometry, name, name_en, name_fr, NULLIF(tags->'name:en', '') AS "name:en", NULLIF(tags->'name:fr', '') AS "name:fr", NULLIF(tags->'name_int', '') AS "name_int", NULLIF(tags->'name:latin', '') AS "name:latin", NULLIF(tags->'name:nonlatin', '') AS "name:nonlatin", ref, ref_length, network::text, class::text, subclass, layer, level, indoor FROM layer_transportation_name(!bbox!, z(!scale_denominator!))) AS t]]></Parameter>
      <Parameter name="type"><![CDATA[postgis]]></Parameter>
      <Parameter name="key_field"><![CDATA[]]></Parameter>
      <Parameter name="max_size">512</Parameter>
    </Datasource>
  </Layer>
  <Style filter-mode="first" name="place-citydots">
    <Rule>
      <MaxScaleDenominator>6500000</MaxScaleDenominator>
      <MinScaleDenominator>3000000</MinScaleDenominator>
      <Filter><![CDATA[([class] = 'city') and ([rank] <= 20)]]></Filter>
      <ShieldSymbolizer file="shield/dot.svg" fill="#888888" fontset-name="fontset-1" halo-fill="#000000" halo-radius="2" halo-rasterizer="fast" margin="30" opacity="0.5" placement="point" size="14" transform="scale(0.5,0.5)" unlock-image="true"><![CDATA[[name_en]]]></ShieldSymbolizer>
    </Rule>
    <Rule>
      <MaxScaleDenominator>50000000</MaxScaleDenominator>
      <MinScaleDenominator>6500000</MinScaleDenominator>
      <Filter><![CDATA[([class] = 'city') and ([rank] <= 20)]]></Filter>
      <ShieldSymbolizer file="shield/dot.svg" fill="#888888" fontset-name="fontset-1" halo-fill="#000000" halo-radius="2" halo-rasterizer="fast" margin="30" opacity="0.5" placement="point" size="12" transform="scale(0.5,0.5)" unlock-image="true"><![CDATA[[name_en]]]></ShieldSymbolizer>
    </Rule>
  </Style>
  <Style filter-mode="first" name="place">
    <Rule>
      <MaxScaleDenominator>200000</MaxScaleDenominator>
      <MinScaleDenominator>12500</MinScaleDenominator>
      <Filter><![CDATA[([rank] <= 20) and ([class] = 'city')]]></Filter>
      <TextSymbolizer fill="#888888" fontset-name="fontset-2" halo-fill="#000000" halo-radius="2" halo-rasterizer="fast" line-spacing="-7" margin="25" size="20" wrap-before="true" wrap-width="180"><![CDATA[[name_en]]]></TextSymbolizer>
    </Rule>
    <Rule>
      <MaxScaleDenominator>750000</MaxScaleDenominator>
      <MinScaleDenominator>200000</MinScaleDenominator>
      <Filter><![CDATA[([rank] <= 20) and ([class] = 'city')]]></Filter>
      <TextSymbolizer fill="#888888" fontset-name="fontset-2" halo-fill="#000000" halo-radius="2" halo-rasterizer="fast" line-spacing="-7" margin="25" size="17" wrap-before="true" wrap-width="140"><![CDATA[[name_en]]]></TextSymbolizer>
    </Rule>
    <Rule>
      <MaxScaleDenominator>3000000</MaxScaleDenominator>
      <MinScaleDenominator>750000</MinScaleDenominator>
      <Filter><![CDATA[([rank] <= 20) and ([class] = 'city')]]></Filter>
      <TextSymbolizer fill="#888888" fontset-name="fontset-2" halo-fill="#000000" halo-radius="2" halo-rasterizer="fast" line-spacing="-7" margin="25" size="15" wrap-before="true" wrap-width="80"><![CDATA[[name_en]]]></TextSymbolizer>
    </Rule>
    <Rule>
      <MaxScaleDenominator>12500</MaxScaleDenominator>
      <Filter><![CDATA[([rank] <= 20) and ([class] = 'city')]]></Filter>
      <TextSymbolizer fill="#888888" fontset-name="fontset-1" halo-fill="#000000" halo-radius="2" halo-rasterizer="fast" line-spacing="-2" margin="25" size="10" wrap-before="true" wrap-width="80"><![CDATA[[name_en]]]></TextSymbolizer>
    </Rule>
    <Rule>
      <MaxScaleDenominator>1500000</MaxScaleDenominator>
      <MinScaleDenominator>400000</MinScaleDenominator>
      <Filter><![CDATA[([class] = 'country') and ([rank] >= 6) and ([rank] <= 20)]]></Filter>
      <TextSymbolizer fill="#888888" fontset-name="fontset-0" halo-fill="#111111" halo-radius="1" halo-rasterizer="fast" line-spacing="-3" margin="25" placement="point" size="16" wrap-before="true" wrap-width="20"><![CDATA[[name_en]]]></TextSymbolizer>
    </Rule>
    <Rule>
      <MaxScaleDenominator>3000000</MaxScaleDenominator>
      <MinScaleDenominator>1500000</MinScaleDenominator>
      <Filter><![CDATA[([class] = 'country') and ([rank] >= 6) and ([rank] <= 20)]]></Filter>
      <TextSymbolizer fill="#888888" fontset-name="fontset-0" halo-fill="#111111" halo-radius="1" halo-rasterizer="fast" line-spacing="-3" margin="25" placement="point" size="14" wrap-before="true" wrap-width="20"><![CDATA[[name_en]]]></TextSymbolizer>
    </Rule>
    <Rule>
      <MaxScaleDenominator>6500000</MaxScaleDenominator>
      <MinScaleDenominator>3000000</MinScaleDenominator>
      <Filter><![CDATA[([class] = 'country') and ([rank] >= 6) and ([rank] <= 20)]]></Filter>
      <TextSymbolizer fill="#888888" fontset-name="fontset-0" halo-fill="#111111" halo-radius="1" halo-rasterizer="fast" line-spacing="-3" placement="point" size="12" wrap-before="true" wrap-width="20"><![CDATA[[name_en]]]></TextSymbolizer>
    </Rule>
    <Rule>
      <MaxScaleDenominator>200000000</MaxScaleDenominator>
      <MinScaleDenominator>6500000</MinScaleDenominator>
      <Filter><![CDATA[([class] = 'country') and ([rank] >= 6) and ([rank] <= 20)]]></Filter>
      <TextSymbolizer fill="#888888" fontset-name="fontset-0" halo-fill="#111111" halo-radius="1" halo-rasterizer="fast" line-spacing="-3" placement="point" size="10" wrap-before="true" wrap-width="20"><![CDATA[[name_en]]]></TextSymbolizer>
    </Rule>
    <Rule>
      <MaxScaleDenominator>400000</MaxScaleDenominator>
      <Filter><![CDATA[([class] = 'country') and ([rank] >= 6) and ([rank] <= 20)]]></Filter>
      <TextSymbolizer fill="#888888" fontset-name="fontset-1" halo-fill="#000000" halo-radius="2" halo-rasterizer="fast" line-spacing="-2" margin="25" size="10" wrap-before="true" wrap-width="80"><![CDATA[[name_en]]]></TextSymbolizer>
    </Rule>
    <Rule>
      <MaxScaleDenominator>1500000</MaxScaleDenominator>
      <MinScaleDenominator>400000</MinScaleDenominator>
      <Filter><![CDATA[([class] = 'country') and ([rank] >= 6)]]></Filter>
      <TextSymbolizer fill="#888888" fontset-name="fontset-0" halo-fill="#111111" halo-radius="1" halo-rasterizer="fast" line-spacing="-3" placement="point" size="16" wrap-before="true" wrap-width="20"><![CDATA[[name_en]]]></TextSymbolizer>
    </Rule>
    <Rule>
      <MaxScaleDenominator>3000000</MaxScaleDenominator>
      <MinScaleDenominator>1500000</MinScaleDenominator>
      <Filter><![CDATA[([class] = 'country') and ([rank] >= 6)]]></Filter>
      <TextSymbolizer fill="#888888" fontset-name="fontset-0" halo-fill="#111111" halo-radius="1" halo-rasterizer="fast" line-spacing="-3" placement="point" size="14" wrap-before="true" wrap-width="20"><![CDATA[[name_en]]]></TextSymbolizer>
    </Rule>
    <Rule>
      <MaxScaleDenominator>6500000</MaxScaleDenominator>
      <MinScaleDenominator>3000000</MinScaleDenominator>
      <Filter><![CDATA[([class] = 'country') and ([rank] >= 6)]]></Filter>
      <TextSymbolizer fill="#888888" fontset-name="fontset-0" halo-fill="#111111" halo-radius="1" halo-rasterizer="fast" line-spacing="-3" placement="point" size="12" wrap-before="true" wrap-width="20"><![CDATA[[name_en]]]></TextSymbolizer>
    </Rule>
    <Rule>
      <MaxScaleDenominator>200000000</MaxScaleDenominator>
      <MinScaleDenominator>6500000</MinScaleDenominator>
      <Filter><![CDATA[([class] = 'country') and ([rank] >= 6)]]></Filter>
      <TextSymbolizer fill="#888888" fontset-name="fontset-0" halo-fill="#111111" halo-radius="1" halo-rasterizer="fast" line-spacing="-3" placement="point" size="10" wrap-before="true" wrap-width="20"><![CDATA[[name_en]]]></TextSymbolizer>
    </Rule>
    <Rule>
      <MaxScaleDenominator>1500000</MaxScaleDenominator>
      <MinScaleDenominator>400000</MinScaleDenominator>
      <Filter><![CDATA[([class] = 'country') and ([rank] = 5)]]></Filter>
      <TextSymbolizer fill="#888888" fontset-name="fontset-0" halo-fill="#111111" halo-radius="1" halo-rasterizer="fast" line-spacing="-3" margin="25" placement="point" size="18" wrap-before="true" wrap-width="120"><![CDATA[[name_en]]]></TextSymbolizer>
    </Rule>
    <Rule>
      <MaxScaleDenominator>3000000</MaxScaleDenominator>
      <MinScaleDenominator>1500000</MinScaleDenominator>
      <Filter><![CDATA[([class] = 'country') and ([rank] = 5)]]></Filter>
      <TextSymbolizer fill="#888888" fontset-name="fontset-0" halo-fill="#111111" halo-radius="1" halo-rasterizer="fast" line-spacing="-3" margin="25" placement="point" size="16" wrap-before="true" wrap-width="90"><![CDATA[[name_en]]]></TextSymbolizer>
    </Rule>
    <Rule>
      <MaxScaleDenominator>6500000</MaxScaleDenominator>
      <MinScaleDenominator>3000000</MinScaleDenominator>
      <Filter><![CDATA[([class] = 'country') and ([rank] = 5)]]></Filter>
      <TextSymbolizer fill="#888888" fontset-name="fontset-0" halo-fill="#111111" halo-radius="1" halo-rasterizer="fast" line-spacing="-3" placement="point" size="14" wrap-before="true" wrap-width="60"><![CDATA[[name_en]]]></TextSymbolizer>
    </Rule>
    <Rule>
      <MaxScaleDenominator>12500000</MaxScaleDenominator>
      <MinScaleDenominator>6500000</MinScaleDenominator>
      <Filter><![CDATA[([class] = 'country') and ([rank] = 5)]]></Filter>
      <TextSymbolizer fill="#888888" fontset-name="fontset-0" halo-fill="#111111" halo-radius="1" halo-rasterizer="fast" line-spacing="-3" placement="point" size="13" wrap-before="true" wrap-width="20"><![CDATA[[name_en]]]></TextSymbolizer>
    </Rule>
    <Rule>
      <MaxScaleDenominator>25000000</MaxScaleDenominator>
      <MinScaleDenominator>12500000</MinScaleDenominator>
      <Filter><![CDATA[([class] = 'country') and ([rank] = 5)]]></Filter>
      <TextSymbolizer fill="#888888" fontset-name="fontset-0" halo-fill="#111111" halo-radius="1" halo-rasterizer="fast" line-spacing="-3" placement="point" size="11" wrap-before="true" wrap-width="20"><![CDATA[[name_en]]]></TextSymbolizer>
    </Rule>
    <Rule>
      <MaxScaleDenominator>200000000</MaxScaleDenominator>
      <MinScaleDenominator>25000000</MinScaleDenominator>
      <Filter><![CDATA[([class] = 'country') and ([rank] = 5)]]></Filter>
      <TextSymbolizer fill="#888888" fontset-name="fontset-0" halo-fill="#111111" halo-radius="1" halo-rasterizer="fast" line-spacing="-3" placement="point" size="10" wrap-before="true" wrap-width="20"><![CDATA[[name_en]]]></TextSymbolizer>
    </Rule>
    <Rule>
      <MaxScaleDenominator>400000</MaxScaleDenominator>
      <Filter><![CDATA[([class] = 'country') and ([rank] = 5)]]></Filter>
      <TextSymbolizer fill="#888888" fontset-name="fontset-1" halo-fill="#000000" halo-radius="2" halo-rasterizer="fast" line-spacing="-2" margin="25" size="10" wrap-before="true" wrap-width="80"><![CDATA[[name_en]]]></TextSymbolizer>
    </Rule>
    <Rule>
      <MaxScaleDenominator>1500000</MaxScaleDenominator>
      <MinScaleDenominator>400000</MinScaleDenominator>
      <Filter><![CDATA[([class] = 'country') and ([rank] = 4)]]></Filter>
      <TextSymbolizer fill="#888888" fontset-name="fontset-0" halo-fill="#111111" halo-radius="1" halo-rasterizer="fast" line-spacing="-3" margin="25" placement="point" size="20" wrap-before="true" wrap-width="120"><![CDATA[[name_en]]]></TextSymbolizer>
    </Rule>
    <Rule>
      <MaxScaleDenominator>3000000</MaxScaleDenominator>
      <MinScaleDenominator>1500000</MinScaleDenominator>
      <Filter><![CDATA[([class] = 'country') and ([rank] = 4)]]></Filter>
      <TextSymbolizer fill="#888888" fontset-name="fontset-0" halo-fill="#111111" halo-radius="1" halo-rasterizer="fast" line-spacing="-3" margin="25" placement="point" size="18" wrap-before="true" wrap-width="120"><![CDATA[[name_en]]]></TextSymbolizer>
    </Rule>
    <Rule>
      <MaxScaleDenominator>6500000</MaxScaleDenominator>
      <MinScaleDenominator>3000000</MinScaleDenominator>
      <Filter><![CDATA[([class] = 'country') and ([rank] = 4)]]></Filter>
      <TextSymbolizer fill="#888888" fontset-name="fontset-0" halo-fill="#111111" halo-radius="1" halo-rasterizer="fast" line-spacing="-3" placement="point" size="16" wrap-before="true" wrap-width="90"><![CDATA[[name_en]]]></TextSymbolizer>
    </Rule>
    <Rule>
      <MaxScaleDenominator>12500000</MaxScaleDenominator>
      <MinScaleDenominator>6500000</MinScaleDenominator>
      <Filter><![CDATA[([class] = 'country') and ([rank] = 4)]]></Filter>
      <TextSymbolizer fill="#888888" fontset-name="fontset-0" halo-fill="#111111" halo-radius="1" halo-rasterizer="fast" line-spacing="-3" placement="point" size="15" wrap-before="true" wrap-width="60"><![CDATA[[name_en]]]></TextSymbolizer>
    </Rule>
    <Rule>
      <MaxScaleDenominator>25000000</MaxScaleDenominator>
      <MinScaleDenominator>12500000</MinScaleDenominator>
      <Filter><![CDATA[([class] = 'country') and ([rank] = 4)]]></Filter>
      <TextSymbolizer fill="#888888" fontset-name="fontset-0" halo-fill="#111111" halo-radius="1" halo-rasterizer="fast" line-spacing="-3" placement="point" size="13" wrap-before="true" wrap-width="20"><![CDATA[[name_en]]]></TextSymbolizer>
    </Rule>
    <Rule>
      <MaxScaleDenominator>200000000</MaxScaleDenominator>
      <MinScaleDenominator>25000000</MinScaleDenominator>
      <Filter><![CDATA[([class] = 'country') and ([rank] = 4)]]></Filter>
      <TextSymbolizer fill="#888888" fontset-name="fontset-0" halo-fill="#111111" halo-radius="1" halo-rasterizer="fast" line-spacing="-3" placement="point" size="10" wrap-before="true" wrap-width="20"><![CDATA[[name_en]]]></TextSymbolizer>
    </Rule>
    <Rule>
      <MaxScaleDenominator>400000</MaxScaleDenominator>
      <Filter><![CDATA[([class] = 'country') and ([rank] = 4)]]></Filter>
      <TextSymbolizer fill="#888888" fontset-name="fontset-1" halo-fill="#000000" halo-radius="2" halo-rasterizer="fast" line-spacing="-2" margin="25" size="10" wrap-before="true" wrap-width="80"><![CDATA[[name_en]]]></TextSymbolizer>
    </Rule>
    <Rule>
      <MaxScaleDenominator>3000000</MaxScaleDenominator>
      <MinScaleDenominator>400000</MinScaleDenominator>
      <Filter><![CDATA[([class] = 'country') and ([rank] = 3)]]></Filter>
      <TextSymbolizer fill="#888888" fontset-name="fontset-0" halo-fill="#111111" halo-radius="1" halo-rasterizer="fast" line-spacing="-3" margin="25" placement="point" size="20" wrap-before="true" wrap-width="120"><![CDATA[[name_en]]]></TextSymbolizer>
    </Rule>
    <Rule>
      <MaxScaleDenominator>6500000</MaxScaleDenominator>
      <MinScaleDenominator>3000000</MinScaleDenominator>
      <Filter><![CDATA[([class] = 'country') and ([rank] = 3)]]></Filter>
      <TextSymbolizer fill="#888888" fontset-name="fontset-0" halo-fill="#111111" halo-radius="1" halo-rasterizer="fast" line-spacing="-3" placement="point" size="18" wrap-before="true" wrap-width="60"><![CDATA[[name_en]]]></TextSymbolizer>
    </Rule>
    <Rule>
      <MaxScaleDenominator>12500000</MaxScaleDenominator>
      <MinScaleDenominator>6500000</MinScaleDenominator>
      <Filter><![CDATA[([class] = 'country') and ([rank] = 3)]]></Filter>
      <TextSymbolizer fill="#888888" fontset-name="fontset-0" halo-fill="#111111" halo-radius="1" halo-rasterizer="fast" line-spacing="-3" placement="point" size="17" wrap-before="true" wrap-width="20"><![CDATA[[name_en]]]></TextSymbolizer>
    </Rule>
    <Rule>
      <MaxScaleDenominator>25000000</MaxScaleDenominator>
      <MinScaleDenominator>12500000</MinScaleDenominator>
      <Filter><![CDATA[([class] = 'country') and ([rank] = 3)]]></Filter>
      <TextSymbolizer fill="#888888" fontset-name="fontset-0" halo-fill="#111111" halo-radius="1" halo-rasterizer="fast" line-spacing="-3" placement="point" size="15" wrap-before="true" wrap-width="20"><![CDATA[[name_en]]]></TextSymbolizer>
    </Rule>
    <Rule>
      <MaxScaleDenominator>50000000</MaxScaleDenominator>
      <MinScaleDenominator>25000000</MinScaleDenominator>
      <Filter><![CDATA[([class] = 'country') and ([rank] = 3)]]></Filter>
      <TextSymbolizer fill="#888888" fontset-name="fontset-0" halo-fill="#111111" halo-radius="1" halo-rasterizer="fast" line-spacing="-3" placement="point" size="11" wrap-before="true" wrap-width="20"><![CDATA[[name_en]]]></TextSymbolizer>
    </Rule>
    <Rule>
      <MaxScaleDenominator>100000000</MaxScaleDenominator>
      <MinScaleDenominator>50000000</MinScaleDenominator>
      <Filter><![CDATA[([class] = 'country') and ([rank] = 3)]]></Filter>
      <TextSymbolizer fill="#888888" fontset-name="fontset-0" halo-fill="#111111" halo-radius="1" halo-rasterizer="fast" line-spacing="-3" placement="point" size="10" wrap-before="true" wrap-width="20"><![CDATA[[iso_a2]]]></TextSymbolizer>
    </Rule>
    <Rule>
      <MaxScaleDenominator>200000000</MaxScaleDenominator>
      <MinScaleDenominator>100000000</MinScaleDenominator>
      <Filter><![CDATA[([class] = 'country') and ([rank] = 3)]]></Filter>
      <TextSymbolizer fill="#888888" fontset-name="fontset-0" halo-fill="#111111" halo-radius="1" halo-rasterizer="fast" line-spacing="-3" placement="point" size="10" wrap-before="true" wrap-width="20"><![CDATA[[name_en]]]></TextSymbolizer>
    </Rule>
    <Rule>
      <MaxScaleDenominator>400000</MaxScaleDenominator>
      <Filter><![CDATA[([class] = 'country') and ([rank] = 3)]]></Filter>
      <TextSymbolizer fill="#888888" fontset-name="fontset-1" halo-fill="#000000" halo-radius="2" halo-rasterizer="fast" line-spacing="-2" margin="25" size="10" wrap-before="true" wrap-width="80"><![CDATA[[name_en]]]></TextSymbolizer>
    </Rule>
    <Rule>
      <MaxScaleDenominator>3000000</MaxScaleDenominator>
      <MinScaleDenominator>400000</MinScaleDenominator>
      <Filter><![CDATA[([class] = 'country') and ([rank] = 2)]]></Filter>
      <TextSymbolizer fill="#888888" fontset-name="fontset-0" halo-fill="#111111" halo-radius="1" halo-rasterizer="fast" line-spacing="-3" margin="25" placement="point" size="20" wrap-before="true" wrap-width="20"><![CDATA[[name_en]]]></TextSymbolizer>
    </Rule>
    <Rule>
      <MaxScaleDenominator>12500000</MaxScaleDenominator>
      <MinScaleDenominator>3000000</MinScaleDenominator>
      <Filter><![CDATA[([class] = 'country') and ([rank] = 2)]]></Filter>
      <TextSymbolizer fill="#888888" fontset-name="fontset-0" halo-fill="#111111" halo-radius="1" halo-rasterizer="fast" line-spacing="-3" placement="point" size="20" wrap-before="true" wrap-width="20"><![CDATA[[name_en]]]></TextSymbolizer>
    </Rule>
    <Rule>
      <MaxScaleDenominator>25000000</MaxScaleDenominator>
      <MinScaleDenominator>12500000</MinScaleDenominator>
      <Filter><![CDATA[([class] = 'country') and ([rank] = 2)]]></Filter>
      <TextSymbolizer fill="#888888" fontset-name="fontset-0" halo-fill="#111111" halo-radius="1" halo-rasterizer="fast" line-spacing="-3" placement="point" size="17" wrap-before="true" wrap-width="20"><![CDATA[[name_en]]]></TextSymbolizer>
    </Rule>
    <Rule>
      <MaxScaleDenominator>50000000</MaxScaleDenominator>
      <MinScaleDenominator>25000000</MinScaleDenominator>
      <Filter><![CDATA[([class] = 'country') and ([rank] = 2)]]></Filter>
      <TextSymbolizer fill="#888888" fontset-name="fontset-0" halo-fill="#111111" halo-radius="1" halo-rasterizer="fast" line-spacing="-3" placement="point" size="13" wrap-before="true" wrap-width="20"><![CDATA[[name_en]]]></TextSymbolizer>
    </Rule>
    <Rule>
      <MaxScaleDenominator>100000000</MaxScaleDenominator>
      <MinScaleDenominator>50000000</MinScaleDenominator>
      <Filter><![CDATA[([class] = 'country') and ([rank] = 2)]]></Filter>
      <TextSymbolizer fill="#888888" fontset-name="fontset-0" halo-fill="#111111" halo-radius="1" halo-rasterizer="fast" line-spacing="-3" placement="point" size="11" wrap-before="true" wrap-width="20"><![CDATA[[name_en]]]></TextSymbolizer>
    </Rule>
    <Rule>
      <MaxScaleDenominator>200000000</MaxScaleDenominator>
      <MinScaleDenominator>100000000</MinScaleDenominator>
      <Filter><![CDATA[([class] = 'country') and ([rank] = 2)]]></Filter>
      <TextSymbolizer fill="#888888" fontset-name="fontset-0" halo-fill="#111111" halo-radius="1" halo-rasterizer="fast" line-spacing="-3" placement="point" size="10" wrap-before="true" wrap-width="20"><![CDATA[[iso_a2]]]></TextSymbolizer>
    </Rule>
    <Rule>
      <MaxScaleDenominator>400000</MaxScaleDenominator>
      <Filter><![CDATA[([class] = 'country') and ([rank] = 2)]]></Filter>
      <TextSymbolizer fill="#888888" fontset-name="fontset-1" halo-fill="#000000" halo-radius="2" halo-rasterizer="fast" line-spacing="-2" margin="25" size="10" wrap-before="true" wrap-width="80"><![CDATA[[name_en]]]></TextSymbolizer>
    </Rule>
    <Rule>
      <MaxScaleDenominator>3000000</MaxScaleDenominator>
      <MinScaleDenominator>400000</MinScaleDenominator>
      <Filter><![CDATA[([class] = 'country') and ([rank] = 1)]]></Filter>
      <TextSymbolizer fill="#888888" fontset-name="fontset-0" halo-fill="#111111" halo-radius="1" halo-rasterizer="fast" line-spacing="-3" margin="25" placement="point" size="20" wrap-before="true" wrap-width="120"><![CDATA[[name_en]]]></TextSymbolizer>
    </Rule>
    <Rule>
      <MaxScaleDenominator>12500000</MaxScaleDenominator>
      <MinScaleDenominator>3000000</MinScaleDenominator>
      <Filter><![CDATA[([class] = 'country') and ([rank] = 1)]]></Filter>
      <TextSymbolizer fill="#888888" fontset-name="fontset-0" halo-fill="#111111" halo-radius="1" halo-rasterizer="fast" line-spacing="-3" placement="point" size="20" wrap-before="true" wrap-width="120"><![CDATA[[name_en]]]></TextSymbolizer>
    </Rule>
    <Rule>
      <MaxScaleDenominator>25000000</MaxScaleDenominator>
      <MinScaleDenominator>12500000</MinScaleDenominator>
      <Filter><![CDATA[([class] = 'country') and ([rank] = 1)]]></Filter>
      <TextSymbolizer fill="#888888" fontset-name="fontset-0" halo-fill="#111111" halo-radius="1" halo-rasterizer="fast" line-spacing="-3" placement="point" size="20" wrap-before="true" wrap-width="120"><![CDATA[[name_en]]]></TextSymbolizer>
    </Rule>
    <Rule>
      <MaxScaleDenominator>50000000</MaxScaleDenominator>
      <MinScaleDenominator>25000000</MinScaleDenominator>
      <Filter><![CDATA[([class] = 'country') and ([rank] = 1)]]></Filter>
      <TextSymbolizer fill="#888888" fontset-name="fontset-0" halo-fill="#111111" halo-radius="1" halo-rasterizer="fast" line-spacing="-3" placement="point" size="14" wrap-before="true" wrap-width="90"><![CDATA[[name_en]]]></TextSymbolizer>
    </Rule>
    <Rule>
      <MaxScaleDenominator>100000000</MaxScaleDenominator>
      <MinScaleDenominator>50000000</MinScaleDenominator>
      <Filter><![CDATA[([class] = 'country') and ([rank] = 1)]]></Filter>
      <TextSymbolizer fill="#888888" fontset-name="fontset-0" halo-fill="#111111" halo-radius="1" halo-rasterizer="fast" line-spacing="-3" placement="point" size="12" wrap-before="true" wrap-width="60"><![CDATA[[name_en]]]></TextSymbolizer>
    </Rule>
    <Rule>
      <MaxScaleDenominator>200000000</MaxScaleDenominator>
      <MinScaleDenominator>100000000</MinScaleDenominator>
      <Filter><![CDATA[([class] = 'country') and ([rank] = 1)]]></Filter>
      <TextSymbolizer fill="#888888" fontset-name="fontset-0" halo-fill="#111111" halo-radius="1" halo-rasterizer="fast" line-spacing="-3" placement="point" size="10" wrap-before="true" wrap-width="20"><![CDATA[[name_en]]]></TextSymbolizer>
    </Rule>
    <Rule>
      <MaxScaleDenominator>400000</MaxScaleDenominator>
      <Filter><![CDATA[([class] = 'country') and ([rank] = 1)]]></Filter>
      <TextSymbolizer fill="#888888" fontset-name="fontset-1" halo-fill="#000000" halo-radius="2" halo-rasterizer="fast" line-spacing="-2" margin="25" size="10" wrap-before="true" wrap-width="80"><![CDATA[[name_en]]]></TextSymbolizer>
    </Rule>
    <Rule>
      <MaxScaleDenominator>2500</MaxScaleDenominator>
      <Filter><![CDATA[([rank] <= 20) and ([class] = 'neighbourhood')]]></Filter>
      <TextSymbolizer character-spacing="3" fill="#888888" fontset-name="fontset-3" halo-fill="#000000" halo-radius="2" halo-rasterizer="fast" line-spacing="-2" margin="50" size="24" wrap-before="true" wrap-width="80"><![CDATA[[name_en]]]></TextSymbolizer>
    </Rule>
    <Rule>
      <MaxScaleDenominator>12500</MaxScaleDenominator>
      <MinScaleDenominator>2500</MinScaleDenominator>
      <Filter><![CDATA[([rank] <= 20) and ([class] = 'neighbourhood')]]></Filter>
      <TextSymbolizer character-spacing="2" fill="#888888" fontset-name="fontset-3" halo-fill="#000000" halo-radius="2" halo-rasterizer="fast" line-spacing="-2" margin="50" size="18" wrap-before="true" wrap-width="80"><![CDATA[[name_en]]]></TextSymbolizer>
    </Rule>
    <Rule>
      <MaxScaleDenominator>25000</MaxScaleDenominator>
      <MinScaleDenominator>12500</MinScaleDenominator>
      <Filter><![CDATA[([rank] <= 20) and ([class] = 'neighbourhood')]]></Filter>
      <TextSymbolizer character-spacing="1" fill="#888888" fontset-name="fontset-3" halo-fill="#000000" halo-radius="2" halo-rasterizer="fast" line-spacing="-2" margin="50" size="16" wrap-before="true" wrap-width="80"><![CDATA[[name_en]]]></TextSymbolizer>
    </Rule>
    <Rule>
      <MaxScaleDenominator>50000</MaxScaleDenominator>
      <MinScaleDenominator>25000</MinScaleDenominator>
      <Filter><![CDATA[([rank] <= 20) and ([class] = 'neighbourhood')]]></Filter>
      <TextSymbolizer character-spacing="0.5" fill="#888888" fontset-name="fontset-3" halo-fill="#000000" halo-radius="2" halo-rasterizer="fast" line-spacing="-2" margin="50" size="14" wrap-before="true" wrap-width="80"><![CDATA[[name_en]]]></TextSymbolizer>
    </Rule>
    <Rule>
      <MaxScaleDenominator>3000000</MaxScaleDenominator>
      <MinScaleDenominator>50000</MinScaleDenominator>
      <Filter><![CDATA[([rank] <= 20) and ([class] = 'neighbourhood')]]></Filter>
      <TextSymbolizer character-spacing="0.5" fill="#888888" fontset-name="fontset-3" halo-fill="#000000" halo-radius="2" halo-rasterizer="fast" line-spacing="-2" margin="50" size="12" wrap-before="true" wrap-width="80"><![CDATA[[name_en]]]></TextSymbolizer>
    </Rule>
    <Rule>
      <MaxScaleDenominator>2500</MaxScaleDenominator>
      <Filter><![CDATA[([rank] <= 20) and ([class] = 'suburb')]]></Filter>
      <TextSymbolizer character-spacing="3" fill="#888888" fontset-name="fontset-3" halo-fill="#000000" halo-radius="2" halo-rasterizer="fast" line-spacing="-2" margin="50" size="24" wrap-before="true" wrap-width="80"><![CDATA[[name_en]]]></TextSymbolizer>
    </Rule>
    <Rule>
      <MaxScaleDenominator>12500</MaxScaleDenominator>
      <MinScaleDenominator>2500</MinScaleDenominator>
      <Filter><![CDATA[([rank] <= 20) and ([class] = 'suburb')]]></Filter>
      <TextSymbolizer character-spacing="2" fill="#888888" fontset-name="fontset-3" halo-fill="#000000" halo-radius="2" halo-rasterizer="fast" line-spacing="-2" margin="50" size="18" wrap-before="true" wrap-width="80"><![CDATA[[name_en]]]></TextSymbolizer>
    </Rule>
    <Rule>
      <MaxScaleDenominator>25000</MaxScaleDenominator>
      <MinScaleDenominator>12500</MinScaleDenominator>
      <Filter><![CDATA[([rank] <= 20) and ([class] = 'suburb')]]></Filter>
      <TextSymbolizer character-spacing="1" fill="#888888" fontset-name="fontset-3" halo-fill="#000000" halo-radius="2" halo-rasterizer="fast" line-spacing="-2" margin="50" size="16" wrap-before="true" wrap-width="80"><![CDATA[[name_en]]]></TextSymbolizer>
    </Rule>
    <Rule>
      <MaxScaleDenominator>50000</MaxScaleDenominator>
      <MinScaleDenominator>25000</MinScaleDenominator>
      <Filter><![CDATA[([rank] <= 20) and ([class] = 'suburb')]]></Filter>
      <TextSymbolizer character-spacing="0.5" fill="#888888" fontset-name="fontset-3" halo-fill="#000000" halo-radius="2" halo-rasterizer="fast" line-spacing="-2" margin="50" size="14" wrap-before="true" wrap-width="80"><![CDATA[[name_en]]]></TextSymbolizer>
    </Rule>
    <Rule>
      <MaxScaleDenominator>3000000</MaxScaleDenominator>
      <MinScaleDenominator>50000</MinScaleDenominator>
      <Filter><![CDATA[([rank] <= 20) and ([class] = 'suburb')]]></Filter>
      <TextSymbolizer character-spacing="0.5" fill="#888888" fontset-name="fontset-3" halo-fill="#000000" halo-radius="2" halo-rasterizer="fast" line-spacing="-2" margin="50" size="12" wrap-before="true" wrap-width="80"><![CDATA[[name_en]]]></TextSymbolizer>
    </Rule>
    <Rule>
      <MaxScaleDenominator>2500</MaxScaleDenominator>
      <Filter><![CDATA[([rank] <= 20) and ([class] = 'hamlet')]]></Filter>
      <TextSymbolizer character-spacing="3" fill="#888888" fontset-name="fontset-3" halo-fill="#000000" halo-radius="2" halo-rasterizer="fast" line-spacing="-2" margin="50" size="24" wrap-before="true" wrap-width="80"><![CDATA[[name_en]]]></TextSymbolizer>
    </Rule>
    <Rule>
      <MaxScaleDenominator>12500</MaxScaleDenominator>
      <MinScaleDenominator>2500</MinScaleDenominator>
      <Filter><![CDATA[([rank] <= 20) and ([class] = 'hamlet')]]></Filter>
      <TextSymbolizer character-spacing="2" fill="#888888" fontset-name="fontset-3" halo-fill="#000000" halo-radius="2" halo-rasterizer="fast" line-spacing="-2" margin="50" size="18" wrap-before="true" wrap-width="80"><![CDATA[[name_en]]]></TextSymbolizer>
    </Rule>
    <Rule>
      <MaxScaleDenominator>25000</MaxScaleDenominator>
      <MinScaleDenominator>12500</MinScaleDenominator>
      <Filter><![CDATA[([rank] <= 20) and ([class] = 'hamlet')]]></Filter>
      <TextSymbolizer character-spacing="1" fill="#888888" fontset-name="fontset-3" halo-fill="#000000" halo-radius="2" halo-rasterizer="fast" line-spacing="-2" margin="50" size="16" wrap-before="true" wrap-width="80"><![CDATA[[name_en]]]></TextSymbolizer>
    </Rule>
    <Rule>
      <MaxScaleDenominator>50000</MaxScaleDenominator>
      <MinScaleDenominator>25000</MinScaleDenominator>
      <Filter><![CDATA[([rank] <= 20) and ([class] = 'hamlet')]]></Filter>
      <TextSymbolizer character-spacing="0.5" fill="#888888" fontset-name="fontset-3" halo-fill="#000000" halo-radius="2" halo-rasterizer="fast" line-spacing="-2" margin="50" size="14" wrap-before="true" wrap-width="80"><![CDATA[[name_en]]]></TextSymbolizer>
    </Rule>
    <Rule>
      <MaxScaleDenominator>3000000</MaxScaleDenominator>
      <MinScaleDenominator>50000</MinScaleDenominator>
      <Filter><![CDATA[([rank] <= 20) and ([class] = 'hamlet')]]></Filter>
      <TextSymbolizer character-spacing="0.5" fill="#888888" fontset-name="fontset-3" halo-fill="#000000" halo-radius="2" halo-rasterizer="fast" line-spacing="-2" margin="50" size="12" wrap-before="true" wrap-width="80"><![CDATA[[name_en]]]></TextSymbolizer>
    </Rule>
    <Rule>
      <MaxScaleDenominator>12500</MaxScaleDenominator>
      <Filter><![CDATA[([rank] <= 20) and ([class] = 'village')]]></Filter>
      <TextSymbolizer fill="#888888" fontset-name="fontset-1" halo-fill="#000000" halo-radius="1.9" halo-rasterizer="fast" line-spacing="-2" margin="25" size="18" wrap-before="true" wrap-width="80"><![CDATA[[name_en]]]></TextSymbolizer>
    </Rule>
    <Rule>
      <MaxScaleDenominator>50000</MaxScaleDenominator>
      <MinScaleDenominator>12500</MinScaleDenominator>
      <Filter><![CDATA[([rank] <= 20) and ([class] = 'village')]]></Filter>
      <TextSymbolizer fill="#888888" fontset-name="fontset-1" halo-fill="#000000" halo-radius="1.9" halo-rasterizer="fast" line-spacing="-2" margin="25" size="14" wrap-before="true" wrap-width="80"><![CDATA[[name_en]]]></TextSymbolizer>
    </Rule>
    <Rule>
      <MaxScaleDenominator>200000</MaxScaleDenominator>
      <MinScaleDenominator>50000</MinScaleDenominator>
      <Filter><![CDATA[([rank] <= 20) and ([class] = 'village')]]></Filter>
      <TextSymbolizer fill="#888888" fontset-name="fontset-1" halo-fill="#000000" halo-radius="1.9" halo-rasterizer="fast" line-spacing="-2" margin="25" size="10" wrap-before="true" wrap-width="80"><![CDATA[[name_en]]]></TextSymbolizer>
    </Rule>
    <Rule>
      <MaxScaleDenominator>3000000</MaxScaleDenominator>
      <MinScaleDenominator>200000</MinScaleDenominator>
      <Filter><![CDATA[([rank] <= 20) and ([class] = 'village')]]></Filter>
      <TextSymbolizer fill="#888888" fontset-name="fontset-1" halo-fill="#000000" halo-radius="1.9" halo-rasterizer="fast" line-spacing="-2" margin="25" size="12" wrap-before="true" wrap-width="80"><![CDATA[[name_en]]]></TextSymbolizer>
    </Rule>
    <Rule>
      <MaxScaleDenominator>2500</MaxScaleDenominator>
      <Filter><![CDATA[([rank] <= 20) and ([class] = 'town')]]></Filter>
      <TextSymbolizer fill="#888888" fontset-name="fontset-1" halo-fill="#000000" halo-radius="1.9" halo-rasterizer="fast" line-spacing="-2" margin="25" size="22" wrap-before="true" wrap-width="80"><![CDATA['']]></TextSymbolizer>
    </Rule>
    <Rule>
      <MaxScaleDenominator>12500</MaxScaleDenominator>
      <MinScaleDenominator>2500</MinScaleDenominator>
      <Filter><![CDATA[([rank] <= 20) and ([class] = 'town')]]></Filter>
      <TextSymbolizer fill="#888888" fontset-name="fontset-1" halo-fill="#000000" halo-radius="1.9" halo-rasterizer="fast" line-spacing="-2" margin="25" size="22" wrap-before="true" wrap-width="80"><![CDATA[[name_en]]]></TextSymbolizer>
    </Rule>
    <Rule>
      <MaxScaleDenominator>50000</MaxScaleDenominator>
      <MinScaleDenominator>12500</MinScaleDenominator>
      <Filter><![CDATA[([rank] <= 20) and ([class] = 'town')]]></Filter>
      <TextSymbolizer fill="#888888" fontset-name="fontset-1" halo-fill="#000000" halo-radius="1.9" halo-rasterizer="fast" line-spacing="-2" margin="25" size="16" wrap-before="true" wrap-width="80"><![CDATA[[name_en]]]></TextSymbolizer>
    </Rule>
    <Rule>
      <MaxScaleDenominator>200000</MaxScaleDenominator>
      <MinScaleDenominator>50000</MinScaleDenominator>
      <Filter><![CDATA[([rank] <= 20) and ([class] = 'town')]]></Filter>
      <TextSymbolizer fill="#888888" fontset-name="fontset-1" halo-fill="#000000" halo-radius="1.9" halo-rasterizer="fast" line-spacing="-2" margin="25" size="12" wrap-before="true" wrap-width="80"><![CDATA[[name_en]]]></TextSymbolizer>
    </Rule>
    <Rule>
      <MaxScaleDenominator>3000000</MaxScaleDenominator>
      <MinScaleDenominator>200000</MinScaleDenominator>
      <Filter><![CDATA[([rank] <= 20) and ([class] = 'town')]]></Filter>
      <TextSymbolizer fill="#888888" fontset-name="fontset-1" halo-fill="#000000" halo-radius="1.9" halo-rasterizer="fast" line-spacing="-2" margin="25" size="12" wrap-before="true" wrap-width="80"><![CDATA[[name_en]]]></TextSymbolizer>
    </Rule>
    <Rule>
      <MaxScaleDenominator>3000000</MaxScaleDenominator>
      <MinScaleDenominator>400000</MinScaleDenominator>
      <Filter><![CDATA[([class] = 'country') and ([rank] <= 20)]]></Filter>
      <TextSymbolizer fill="#888888" fontset-name="fontset-0" halo-fill="#111111" halo-radius="1" halo-rasterizer="fast" line-spacing="-3" margin="25" placement="point" size="10" wrap-before="true" wrap-width="20"><![CDATA[[name_en]]]></TextSymbolizer>
    </Rule>
    <Rule>
      <MaxScaleDenominator>200000000</MaxScaleDenominator>
      <MinScaleDenominator>3000000</MinScaleDenominator>
      <Filter><![CDATA[([class] = 'country') and ([rank] <= 20)]]></Filter>
      <TextSymbolizer fill="#888888" fontset-name="fontset-0" halo-fill="#111111" halo-radius="1" halo-rasterizer="fast" line-spacing="-3" placement="point" size="10" wrap-before="true" wrap-width="20"><![CDATA[[name_en]]]></TextSymbolizer>
    </Rule>
    <Rule>
      <MaxScaleDenominator>400000</MaxScaleDenominator>
      <Filter><![CDATA[([class] = 'country') and ([rank] <= 20)]]></Filter>
      <TextSymbolizer fill="#888888" fontset-name="fontset-1" halo-fill="#000000" halo-radius="2" halo-rasterizer="fast" line-spacing="-2" margin="25" size="10" wrap-before="true" wrap-width="80"><![CDATA[[name_en]]]></TextSymbolizer>
    </Rule>
    <Rule>
      <MaxScaleDenominator>200000000</MaxScaleDenominator>
      <MinScaleDenominator>400000</MinScaleDenominator>
      <Filter><![CDATA[([class] = 'country')]]></Filter>
      <TextSymbolizer fill="#888888" fontset-name="fontset-0" halo-fill="#111111" halo-radius="1" halo-rasterizer="fast" line-spacing="-3" placement="point" size="10" wrap-before="true" wrap-width="20"><![CDATA[[name_en]]]></TextSymbolizer>
    </Rule>
    <Rule>
      <MaxScaleDenominator>3000000</MaxScaleDenominator>
      <Filter><![CDATA[([rank] <= 20)]]></Filter>
      <TextSymbolizer fill="#888888" fontset-name="fontset-1" halo-fill="#000000" halo-radius="2" halo-rasterizer="fast" line-spacing="-2" margin="25" size="10" wrap-before="true" wrap-width="80"><![CDATA[[name_en]]]></TextSymbolizer>
    </Rule>
  </Style>
  <Layer buffer-size="256" name="place" srs="+proj=merc +a=6378137 +b=6378137 +lat_ts=0.0 +lon_0=0.0 +x_0=0.0 +y_0=0.0 +k=1.0 +units=m +nadgrids=@null +wktext +no_defs +over">
    <StyleName><![CDATA[place]]></StyleName>
    <StyleName><![CDATA[place-citydots]]></StyleName>
    <Datasource>
      <Parameter name="geometry_field"><![CDATA[geometry]]></Parameter>
      <Parameter name="dbname"><![CDATA[gis]]></Parameter>
      <Parameter name="port">5432</Parameter>
      <Parameter name="host"><![CDATA[/var/run/postgresql]]></Parameter>
      <Parameter name="key_field_as_attribute">false</Parameter>
      <Parameter name="user"><![CDATA[minsig]]></Parameter>
      <Parameter name="extent">-20037508.34,-20037508.34,20037508.34,20037508.34</Parameter>
      <Parameter name="srid">900913</Parameter>
      <Parameter name="table"><![CDATA[(SELECT osm_id, geometry, name, name_en, name_fr, NULLIF(tags->'name:en', '') AS "name:en", NULLIF(tags->'name:fr', '') AS "name:fr", NULLIF(tags->'name_int', '') AS "name_int", NULLIF(tags->'name:latin', '') AS "name:latin", NULLIF(tags->'name:nonlatin', '') AS "name:nonlatin", class, rank, capital, iso_a2 FROM layer_place(!bbox!, z(!scale_denominator!), !pixel_width!)) AS t]]></Parameter>
      <Parameter name="type"><![CDATA[postgis]]></Parameter>
      <Parameter name="key_field"><![CDATA[osm_id]]></Parameter>
      <Parameter name="max_size">512</Parameter>
      <Parameter name="id"><![CDATA[place]]></Parameter>
      <Parameter name="project"><![CDATA[darkMapnik]]></Parameter>
      <Parameter name="srs"><![CDATA[+proj=merc +a=6378137 +b=6378137 +lat_ts=0.0 +lon_0=0.0 +x_0=0.0 +y_0=0.0 +k=1.0 +units=m +nadgrids=@null +wktext +no_defs +over]]></Parameter>
    </Datasource>
  </Layer>
  <Layer buffer-size="8" name="housenumber" srs="+proj=merc +a=6378137 +b=6378137 +lat_ts=0.0 +lon_0=0.0 +x_0=0.0 +y_0=0.0 +k=1.0 +units=m +nadgrids=@null +wktext +no_defs +over">
    <Datasource>
      <Parameter name="geometry_field"><![CDATA[geometry]]></Parameter>
      <Parameter name="dbname"><![CDATA[gis]]></Parameter>
      <Parameter name="port">5432</Parameter>
      <Parameter name="host"><![CDATA[/var/run/postgresql]]></Parameter>
      <Parameter name="key_field_as_attribute"><![CDATA[]]></Parameter>
      <Parameter name="user"><![CDATA[minsig]]></Parameter>
      <Parameter name="extent">-20037508.34,-20037508.34,20037508.34,20037508.34</Parameter>
      <Parameter name="srid">900913</Parameter>
      <Parameter name="table"><![CDATA[(SELECT geometry, housenumber FROM layer_housenumber(!bbox!, z(!scale_denominator!))) AS t]]></Parameter>
      <Parameter name="type"><![CDATA[postgis]]></Parameter>
      <Parameter name="key_field"><![CDATA[]]></Parameter>
      <Parameter name="max_size">512</Parameter>
    </Datasource>
  </Layer>
  <Style filter-mode="first" name="poi">
    <Rule>
      <Filter><![CDATA[([class] = 'rail') and ([rank] <= 4)]]></Filter>
      <TextSymbolizer allow-overlap="false" fill="#888888" fontset-name="fontset-4" halo-fill="#000000" halo-radius="1" line-spacing="-2" minimum-distance="50" size="9" wrap-width="60"><![CDATA[[name]]]></TextSymbolizer>
    </Rule>
    <Rule>
      <Filter><![CDATA[([class] = 'bus') and ([rank] <= 4)]]></Filter>
      <TextSymbolizer allow-overlap="false" fill="#888888" fontset-name="fontset-4" halo-fill="#000000" halo-radius="1" line-spacing="-2" minimum-distance="50" size="9" wrap-width="60"><![CDATA[[name]]]></TextSymbolizer>
    </Rule>
    <Rule>
      <Filter><![CDATA[([class] = 'airport') and ([rank] <= 4)]]></Filter>
      <TextSymbolizer allow-overlap="false" fill="#888888" fontset-name="fontset-4" halo-fill="#000000" halo-radius="1" line-spacing="-2" minimum-distance="50" size="9" wrap-width="60"><![CDATA[[name]]]></TextSymbolizer>
    </Rule>
    <Rule>
      <Filter><![CDATA[([class] = 'hospital') and ([rank] <= 4)]]></Filter>
      <TextSymbolizer allow-overlap="false" fill="#888888" fontset-name="fontset-4" halo-fill="#000000" halo-radius="1" line-spacing="-2" minimum-distance="50" size="9" wrap-width="60"><![CDATA[[name]]]></TextSymbolizer>
    </Rule>
    <Rule>
      <Filter><![CDATA[([class] = 'airfield') and ([rank] <= 4)]]></Filter>
      <TextSymbolizer allow-overlap="false" fill="#888888" fontset-name="fontset-4" halo-fill="#000000" halo-radius="1" line-spacing="-2" minimum-distance="50" size="9" wrap-width="60"><![CDATA[[name]]]></TextSymbolizer>
    </Rule>
    <Rule>
      <Filter><![CDATA[([class] = 'school') and ([rank] <= 4)]]></Filter>
      <TextSymbolizer allow-overlap="false" fill="#888888" fontset-name="fontset-4" halo-fill="#000000" halo-radius="1" line-spacing="-2" minimum-distance="50" size="9" wrap-width="60"><![CDATA[[name]]]></TextSymbolizer>
    </Rule>
    <Rule>
      <Filter><![CDATA[([class] = 'park') and ([rank] <= 4)]]></Filter>
      <TextSymbolizer allow-overlap="false" fill="#888888" fontset-name="fontset-4" halo-fill="#000000" halo-radius="1" line-spacing="-2" minimum-distance="50" size="9" wrap-width="60"><![CDATA[[name]]]></TextSymbolizer>
    </Rule>
  </Style>
  <Layer buffer-size="64" name="poi" srs="+proj=merc +a=6378137 +b=6378137 +lat_ts=0.0 +lon_0=0.0 +x_0=0.0 +y_0=0.0 +k=1.0 +units=m +nadgrids=@null +wktext +no_defs +over">
    <StyleName><![CDATA[poi]]></StyleName>
    <Datasource>
      <Parameter name="geometry_field"><![CDATA[geometry]]></Parameter>
      <Parameter name="dbname"><![CDATA[gis]]></Parameter>
      <Parameter name="port">5432</Parameter>
      <Parameter name="host"><![CDATA[/var/run/postgresql]]></Parameter>
      <Parameter name="key_field_as_attribute">false</Parameter>
      <Parameter name="user"><![CDATA[minsig]]></Parameter>
      <Parameter name="extent">-20037508.34,-20037508.34,20037508.34,20037508.34</Parameter>
      <Parameter name="srid">900913</Parameter>
      <Parameter name="table"><![CDATA[(SELECT osm_id, geometry, name, name_en, name_fr, NULLIF(tags->'name:en', '') AS "name:en", NULLIF(tags->'name:fr', '') AS "name:fr", NULLIF(tags->'name_int', '') AS "name_int", NULLIF(tags->'name:latin', '') AS "name:latin", NULLIF(tags->'name:nonlatin', '') AS "name:nonlatin", class, subclass, agg_stop, layer, level, indoor, rank FROM layer_poi(!bbox!, z(!scale_denominator!), !pixel_width!)) AS t]]></Parameter>
      <Parameter name="type"><![CDATA[postgis]]></Parameter>
      <Parameter name="key_field"><![CDATA[osm_id]]></Parameter>
      <Parameter name="max_size">512</Parameter>
    </Datasource>
  </Layer>
  <Layer buffer-size="64" name="aerodrome_label" srs="+proj=merc +a=6378137 +b=6378137 +lat_ts=0.0 +lon_0=0.0 +x_0=0.0 +y_0=0.0 +k=1.0 +units=m +nadgrids=@null +wktext +no_defs +over">
    <Datasource>
      <Parameter name="geometry_field"><![CDATA[geometry]]></Parameter>
      <Parameter name="dbname"><![CDATA[gis]]></Parameter>
      <Parameter name="port">5432</Parameter>
      <Parameter name="host"><![CDATA[/var/run/postgresql]]></Parameter>
      <Parameter name="key_field_as_attribute">false</Parameter>
      <Parameter name="user"><![CDATA[minsig]]></Parameter>
      <Parameter name="extent">-20037508.34,-20037508.34,20037508.34,20037508.34</Parameter>
      <Parameter name="srid">900913</Parameter>
      <Parameter name="table"><![CDATA[(SELECT osm_id, geometry, name, name_en, name_fr, NULLIF(tags->'name:en', '') AS "name:en", NULLIF(tags->'name:fr', '') AS "name:fr", NULLIF(tags->'name_int', '') AS "name_int", NULLIF(tags->'name:latin', '') AS "name:latin", NULLIF(tags->'name:nonlatin', '') AS "name:nonlatin", class, iata, icao, ele, ele_ft FROM layer_aerodrome_label (!bbox!, z(!scale_denominator!), !pixel_width!)) AS t]]></Parameter>
      <Parameter name="type"><![CDATA[postgis]]></Parameter>
      <Parameter name="key_field"><![CDATA[osm_id]]></Parameter>
      <Parameter name="max_size">512</Parameter>
    </Datasource>
  </Layer>
</Map>
