<?xml version="1.0"?>

<!-- An ultra simple Mapnik stylesheet -->

<!DOCTYPE Map [
<!ENTITY google_mercator "+proj=merc +a=6378137 +b=6378137 +lat_ts=0.0 +lon_0=0.0 +x_0=0.0 +y_0=0 +k=1.0 +units=m +nadgrids=@null +wktext +no_defs +over">
]>

<Map>
    <Style name="style">
        <Rule>
            <PolygonSymbolizer />
        </Rule>
    </Style>
    <Layer name="layer">
        <StyleName>style</StyleName>
        <Datasource>
            <Parameter name="type">shape</Parameter>
            <Parameter name="file">sample_data/world_merc.shp</Parameter>
        </Datasource>
    </Layer>
</Map>
